order_id,order_date,category,order_value_inr
OD100208,2023-01-01 12:06:25,Electronics,588.27
OD100123,2023-01-01 13:36:24,Home & Kitchen,734.96
OD100669,2023-01-01 13:38:35,Beauty,3545.23
OD100254,2023-01-01 16:58:07,Fashion,593.14
OD101297,2023-01-01 17:52:03,Mobiles,1980.52
OD101176,2023-01-01 18:47:41,Fashion,3305.93
OD100738,2023-01-01 19:37:20,Mobiles,1107.51
OD101022,2023-01-02 01:36:33,Fashion,4003.92
OD100024,2023-01-02 04:42:35,Mobiles,3428.69
OD101191,2023-01-02 08:47:13,Fashion,379.65
OD100534,2023-01-02 09:00:34,Electronics,3013.99
OD100620,2023-01-02 16:05:56,Mobiles,5015.69
OD100587,2023-01-03 02:51:02,Electronics,477.76
OD100792,2023-01-03 06:56:15,Electronics,1028.57
OD100274,2023-01-03 14:34:41,Mobiles,6213.11
OD101290,2023-01-03 19:59:21,Electronics,3892.41
OD100087,2023-01-04 03:30:36,Home & Kitchen,1258.99
OD100646,2023-01-04 08:13:10,Fashion,3432.12
OD101056,2023-01-04 18:55:59,Home & Kitchen,2067.42
OD101281,2023-01-05 11:45:52,Beauty,3682.52
OD100238,2023-01-05 15:51:30,Electronics,4790.6
OD100900,2023-01-05 21:39:30,Mobiles,5524.13
OD100482,2023-01-06 03:38:21,Fashion,885.73
OD100853,2023-01-06 04:32:25,Mobiles,2786.3
OD100563,2023-01-06 04:49:55,Beauty,5338.2
OD101216,2023-01-06 09:43:30,Mobiles,4544.32
OD100686,2023-01-06 16:24:32,Mobiles,4546.42
OD100165,2023-01-06 16:27:14,Mobiles,2740.47
OD100939,2023-01-06 18:12:42,Fashion,918.72
OD100501,2023-01-06 18:34:23,Electronics,10230.8
OD100381,2023-01-06 19:12:37,Home & Kitchen,594.59
OD100600,2023-01-07 03:05:25,Mobiles,1128.86
OD100720,2023-01-07 03:43:51,Home & Kitchen,1595.0
OD101064,2023-01-07 08:50:22,Electronics,1092.45
OD100345,2023-01-07 10:03:14,Electronics,4105.13
OD100100,2023-01-07 12:51:25,Home & Kitchen,363.44
OD101315,2023-01-07 14:47:30,Mobiles,1472.2
OD101171,2023-01-08 08:33:25,Fashion,4839.65
OD100532,2023-01-08 12:19:10,Fashion,373.01
OD100531,2023-01-08 17:05:26,Electronics,1698.61
OD100747,2023-01-08 19:38:30,Beauty,3646.43
OD101076,2023-01-09 04:34:49,Home & Kitchen,3010.54
OD100185,2023-01-09 21:46:38,Mobiles,7506.89
OD100595,2023-01-10 07:08:48,Mobiles,3985.42
OD100273,2023-01-10 09:52:48,Mobiles,1597.42
OD101371,2023-01-11 02:32:52,Electronics,362.22
OD100192,2023-01-11 02:52:51,Home & Kitchen,1475.33
OD100321,2023-01-11 12:58:01,Mobiles,4923.19
OD101247,2023-01-11 22:26:29,Home & Kitchen,5298.89
OD101406,2023-01-12 00:59:19,Mobiles,5010.48
OD101301,2023-01-12 01:08:00,Home & Kitchen,1462.73
OD100529,2023-01-12 12:42:41,Mobiles,3561.81
OD100104,2023-01-12 15:48:13,Mobiles,485.03
OD100597,2023-01-13 01:47:13,Fashion,709.99
OD101145,2023-01-13 09:50:00,Home & Kitchen,893.49
OD101109,2023-01-13 09:57:27,Beauty,5179.23
OD100544,2023-01-13 11:53:20,Fashion,3807.75
OD100687,2023-01-13 13:54:40,Fashion,2275.52
OD100664,2023-01-13 17:42:47,Electronics,1358.11
OD100291,2023-01-13 22:50:43,Beauty,991.45
OD101364,2023-01-14 03:32:44,Electronics,2038.25
OD100221,2023-01-14 21:44:42,Beauty,3208.65
OD101196,2023-01-15 01:38:22,Mobiles,5661.13
OD101150,2023-01-15 03:41:09,Mobiles,3438.04
OD100361,2023-01-15 08:44:42,Home & Kitchen,894.62
OD101489,2023-01-15 12:46:04,Beauty,2449.11
OD100026,2023-01-15 14:45:52,Fashion,1224.39
OD100118,2023-01-15 20:59:20,Fashion,8610.8
OD100835,2023-01-15 21:24:03,Electronics,7045.88
OD101183,2023-01-16 03:11:46,Mobiles,716.18
OD100934,2023-01-16 13:20:27,Electronics,2638.66
OD100659,2023-01-16 15:44:55,Electronics,3562.92
OD100682,2023-01-17 06:05:30,Fashion,9086.91
OD100481,2023-01-17 08:54:26,Mobiles,1773.41
OD101313,2023-01-17 09:20:12,Mobiles,2416.26
OD100437,2023-01-17 09:56:15,Electronics,7448.7
OD100581,2023-01-17 11:21:26,Fashion,2534.9
OD100866,2023-01-17 20:08:28,Fashion,2045.06
OD100062,2023-01-17 23:08:09,Mobiles,682.28
OD101052,2023-01-18 18:07:06,Electronics,990.03
OD100951,2023-01-19 12:33:16,Home & Kitchen,5409.71
OD101121,2023-01-19 12:53:16,Fashion,958.97
OD101110,2023-01-19 21:05:07,Fashion,15409.37
OD100980,2023-01-19 22:12:36,Fashion,1958.43
OD100576,2023-01-20 01:25:11,Fashion,1658.44
OD101217,2023-01-20 03:43:36,Fashion,5084.62
OD100311,2023-01-20 04:51:06,Electronics,3367.76
OD100303,2023-01-20 05:38:29,Mobiles,2781.64
OD100997,2023-01-20 22:25:20,Mobiles,8909.2
OD100135,2023-01-21 02:31:35,Beauty,10638.97
OD100627,2023-01-21 05:33:34,Beauty,1457.83
OD101455,2023-01-21 21:31:08,Electronics,1240.75
OD101091,2023-01-22 09:43:16,Electronics,398.4
OD101085,2023-01-22 11:16:11,Electronics,378.11
OD100076,2023-01-22 15:42:08,Fashion,1704.0
OD100906,2023-01-22 16:23:41,Fashion,5193.24
OD100857,2023-01-22 18:04:50,Mobiles,1759.94
OD101120,2023-01-23 02:45:05,Electronics,2954.76
OD100244,2023-01-23 14:48:29,Home & Kitchen,3931.32
OD100421,2023-01-23 22:58:29,Electronics,4993.29
OD100479,2023-01-24 00:32:53,Mobiles,411.23
OD101238,2023-01-24 03:43:29,Fashion,646.23
OD100310,2023-01-24 05:49:47,Home & Kitchen,1107.0
OD100220,2023-01-24 06:03:41,Electronics,1918.69
OD100344,2023-01-24 10:59:53,Fashion,577.35
OD100691,2023-01-24 19:02:03,Fashion,3467.65
OD100313,2023-01-25 20:53:35,Home & Kitchen,4870.14
OD101367,2023-01-25 22:49:08,Fashion,2301.72
OD101206,2023-01-26 09:03:34,Mobiles,375.22
OD100351,2023-01-26 12:24:24,Home & Kitchen,1716.3
OD100891,2023-01-26 18:08:20,Electronics,4707.74
OD100006,2023-01-26 20:41:29,Electronics,1167.54
OD100234,2023-01-26 20:50:00,Electronics,4706.48
OD101465,2023-01-26 23:31:42,Home & Kitchen,2194.31
OD100692,2023-01-27 00:43:08,Fashion,5261.88
OD100419,2023-01-27 06:17:22,Mobiles,2898.39
OD100810,2023-01-27 08:19:20,Home & Kitchen,321.74
OD100632,2023-01-27 11:43:47,Home & Kitchen,1547.87
OD100785,2023-01-27 19:42:16,Electronics,865.1
OD101286,2023-01-28 06:57:01,Beauty,5210.62
OD100901,2023-01-28 11:12:19,Beauty,569.54
OD101131,2023-01-28 13:45:57,Electronics,5294.73
OD100793,2023-01-28 14:54:48,Electronics,1794.75
OD100049,2023-01-29 02:33:08,Mobiles,3137.22
OD101068,2023-01-29 09:35:52,Beauty,2828.08
OD100228,2023-01-29 18:06:53,Fashion,1115.96
OD100527,2023-01-29 23:29:31,Beauty,1269.3
OD101095,2023-01-30 05:55:54,Home & Kitchen,5774.78
OD100212,2023-01-30 09:24:08,Fashion,5888.42
OD100240,2023-01-30 11:53:41,Electronics,684.36
OD100298,2023-01-30 14:37:11,Mobiles,4031.99
OD101227,2023-01-30 17:21:43,Fashion,757.28
OD100711,2023-01-31 01:31:20,Electronics,3101.3
OD101403,2023-01-31 04:44:49,Beauty,2662.42
OD100111,2023-01-31 10:45:08,Mobiles,11363.63
OD100729,2023-01-31 13:25:28,Mobiles,7525.12
OD100701,2023-01-31 15:46:30,Fashion,1155.39
OD101033,2023-01-31 18:29:31,Beauty,2721.08
OD100051,2023-01-31 19:44:06,Fashion,2550.42
OD100927,2023-01-31 21:04:27,Electronics,752.05
OD100070,2023-01-31 21:39:55,Mobiles,2343.75
OD101093,2023-02-01 03:34:36,Mobiles,1274.31
OD100518,2023-02-01 05:43:35,Electronics,3990.94
OD100110,2023-02-01 07:10:38,Fashion,913.41
OD100787,2023-02-01 23:40:42,Beauty,3318.45
OD101499,2023-02-02 07:40:27,Mobiles,2198.78
OD100589,2023-02-02 21:26:32,Home & Kitchen,2066.71
OD101318,2023-02-03 03:29:53,Mobiles,526.6
OD100101,2023-02-03 07:46:30,Mobiles,2893.89
OD100571,2023-02-03 13:43:23,Mobiles,1128.94
OD100393,2023-02-03 14:55:41,Mobiles,2191.55
OD100229,2023-02-03 15:36:00,Home & Kitchen,890.54
OD100454,2023-02-03 21:05:09,Fashion,3102.14
OD100204,2023-02-04 05:57:14,Fashion,3914.41
OD101186,2023-02-04 08:00:22,Fashion,6654.52
OD100698,2023-02-04 10:44:02,Electronics,5310.68
OD100721,2023-02-04 14:24:35,Mobiles,476.0
OD100097,2023-02-05 06:27:42,Electronics,5819.39
OD100302,2023-02-05 15:39:49,Fashion,658.18
OD100480,2023-02-05 15:46:01,Beauty,752.05
OD101393,2023-02-05 17:16:16,Mobiles,4683.12
OD101275,2023-02-05 19:30:35,Mobiles,4882.14
OD101154,2023-02-06 04:09:14,Mobiles,3107.18
OD100528,2023-02-06 18:43:45,Fashion,5009.38
OD101001,2023-02-06 23:52:20,Mobiles,1475.89
OD100990,2023-02-07 15:08:18,Electronics,4367.21
OD100191,2023-02-07 16:33:35,Mobiles,2520.27
OD100760,2023-02-07 18:55:08,Fashion,499.26
OD100969,2023-02-08 08:44:52,Electronics,1906.35
OD100868,2023-02-08 09:59:04,Home & Kitchen,1987.74
OD100190,2023-02-08 13:17:48,Fashion,5278.45
OD100895,2023-02-08 15:20:42,Fashion,7933.2
OD100198,2023-02-08 16:53:34,Mobiles,1993.79
OD100022,2023-02-08 17:06:09,Fashion,1622.41
OD100106,2023-02-08 23:10:12,Electronics,1231.07
OD100725,2023-02-09 00:02:00,Fashion,3190.48
OD100570,2023-02-09 02:46:09,Beauty,3854.08
OD100059,2023-02-09 04:22:37,Mobiles,6117.56
OD101480,2023-02-09 04:41:41,Fashion,2389.27
OD101456,2023-02-09 16:12:55,Home & Kitchen,3235.49
OD100453,2023-02-09 20:41:24,Home & Kitchen,1527.23
OD100451,2023-02-09 22:42:36,Beauty,4465.66
OD100112,2023-02-10 10:44:39,Fashion,1811.85
OD100548,2023-02-10 13:05:57,Fashion,1403.5
OD100088,2023-02-11 11:45:02,Mobiles,2480.87
OD100778,2023-02-11 15:57:45,Mobiles,5325.57
OD101353,2023-02-11 18:42:16,Fashion,3967.21
OD100338,2023-02-11 19:30:00,Mobiles,3043.42
OD100615,2023-02-11 19:30:10,Mobiles,3566.27
OD101401,2023-02-12 14:34:22,Fashion,7064.32
OD100654,2023-02-12 17:55:05,Electronics,3285.78
OD100582,2023-02-12 18:39:21,Electronics,813.9
OD100610,2023-02-12 19:36:31,Home & Kitchen,939.86
OD101188,2023-02-12 22:10:54,Mobiles,2545.37
OD100748,2023-02-13 07:13:16,Fashion,3347.18
OD101322,2023-02-13 11:52:54,Home & Kitchen,780.3
OD100702,2023-02-13 13:17:04,Home & Kitchen,5426.89
OD100784,2023-02-13 16:00:11,Fashion,5662.82
OD100443,2023-02-13 16:02:42,Home & Kitchen,1437.01
OD100790,2023-02-13 20:19:00,Fashion,337.79
OD100145,2023-02-14 14:22:19,Electronics,3886.68
OD101224,2023-02-14 22:03:13,Electronics,1881.99
OD100473,2023-02-14 23:33:22,Electronics,497.26
OD100977,2023-02-15 06:55:42,Home & Kitchen,4820.52
OD101014,2023-02-16 00:47:46,Home & Kitchen,2972.09
OD100684,2023-02-16 17:04:11,Mobiles,968.61
OD101021,2023-02-16 18:21:19,Electronics,4379.42
OD101445,2023-02-16 23:11:33,Electronics,3836.23
OD101376,2023-02-17 00:41:49,Home & Kitchen,594.81
OD101051,2023-02-17 11:04:33,Home & Kitchen,1240.56
OD100320,2023-02-17 20:41:54,Home & Kitchen,1087.12
OD101260,2023-02-18 00:28:07,Fashion,1971.77
OD100077,2023-02-18 02:14:59,Mobiles,3093.23
OD100935,2023-02-18 05:21:40,Fashion,1002.76
OD100530,2023-02-18 10:10:39,Home & Kitchen,549.65
OD100713,2023-02-18 13:59:31,Home & Kitchen,2288.94
OD101220,2023-02-18 20:30:38,Home & Kitchen,1516.76
OD100265,2023-02-19 07:13:42,Home & Kitchen,427.83
OD100590,2023-02-19 16:55:39,Mobiles,1615.59
OD100418,2023-02-19 18:55:54,Mobiles,1189.98
OD100236,2023-02-20 00:37:32,Mobiles,335.05
OD100468,2023-02-20 04:24:28,Mobiles,8220.3
OD100352,2023-02-20 06:02:27,Home & Kitchen,1828.84
OD100988,2023-02-20 07:09:20,Home & Kitchen,495.8
OD100284,2023-02-20 14:28:13,Mobiles,5786.9
OD100812,2023-02-21 00:30:49,Fashion,2674.21
OD100542,2023-02-21 04:23:21,Mobiles,1460.94
OD100813,2023-02-21 05:30:19,Home & Kitchen,2837.13
OD100984,2023-02-21 15:50:18,Beauty,805.64
OD100991,2023-02-21 16:19:10,Mobiles,6100.21
OD100657,2023-02-21 16:37:51,Mobiles,6644.6
OD100020,2023-02-22 07:56:13,Fashion,1553.57
OD100152,2023-02-22 14:39:43,Electronics,1347.08
OD100941,2023-02-22 23:43:58,Fashion,2693.74
OD100699,2023-02-23 00:14:41,Electronics,726.78
OD101173,2023-02-23 01:18:17,Mobiles,347.33
OD101483,2023-02-23 02:32:14,Mobiles,1574.06
OD100742,2023-02-23 04:21:17,Fashion,2127.17
OD100608,2023-02-23 06:03:40,Fashion,439.46
OD101265,2023-02-23 09:12:18,Home & Kitchen,445.67
OD101402,2023-02-23 14:57:58,Fashion,1070.4
OD101074,2023-02-23 21:48:13,Mobiles,2560.54
OD100726,2023-02-24 12:37:55,Mobiles,1309.38
OD100137,2023-02-25 07:54:10,Mobiles,8418.18
OD101160,2023-02-25 08:34:43,Fashion,3234.1
OD100706,2023-02-25 22:32:57,Fashion,2750.23
OD100887,2023-02-26 02:44:47,Mobiles,2108.05
OD101375,2023-02-26 09:46:34,Mobiles,3522.81
OD101400,2023-02-26 12:34:40,Home & Kitchen,3054.56
OD101319,2023-02-26 19:37:27,Fashion,2333.25
OD100594,2023-02-27 05:28:25,Mobiles,3256.31
OD100876,2023-02-27 06:51:39,Home & Kitchen,736.26
OD100272,2023-02-27 11:10:50,Mobiles,6919.73
OD100017,2023-02-27 15:45:05,Home & Kitchen,12639.04
OD100861,2023-02-27 16:34:05,Fashion,4652.76
OD100983,2023-02-27 21:10:45,Mobiles,1799.48
OD101258,2023-02-28 12:41:01,Electronics,2744.41
OD100802,2023-02-28 20:09:29,Home & Kitchen,1720.06
OD100647,2023-02-28 20:28:41,Home & Kitchen,3856.45
OD101112,2023-03-01 02:29:23,Mobiles,401.97
OD100917,2023-03-01 05:55:22,Mobiles,951.11
OD100450,2023-03-01 09:06:37,Mobiles,696.38
OD100410,2023-03-01 10:10:07,Fashion,1070.7
OD100043,2023-03-01 13:53:01,Mobiles,3776.54
OD101043,2023-03-01 18:54:39,Fashion,5797.45
OD100121,2023-03-01 20:57:16,Home & Kitchen,377.61
OD100362,2023-03-02 00:08:22,Mobiles,2976.64
OD101235,2023-03-02 03:27:47,Fashion,1286.25
OD100947,2023-03-02 14:46:36,Fashion,3326.88
OD101362,2023-03-02 15:05:31,Electronics,6335.75
OD101389,2023-03-03 03:23:11,Home & Kitchen,6916.79
OD100874,2023-03-03 09:28:29,Home & Kitchen,1052.56
OD100395,2023-03-03 13:53:05,Fashion,323.93
OD100796,2023-03-03 17:17:40,Mobiles,4877.36
OD100402,2023-03-03 17:25:52,Mobiles,4005.15
OD101395,2023-03-03 20:57:34,Electronics,4030.85
OD101305,2023-03-03 21:23:37,Mobiles,811.25
OD101447,2023-03-04 11:21:02,Home & Kitchen,316.25
OD100843,2023-03-04 14:44:21,Fashion,1458.51
OD101144,2023-03-05 03:29:30,Fashion,2174.23
OD100822,2023-03-05 05:26:50,Electronics,902.29
OD100288,2023-03-05 09:40:47,Fashion,2749.63
OD100161,2023-03-05 20:13:09,Mobiles,1976.96
OD101463,2023-03-05 22:53:53,Home & Kitchen,618.27
OD101015,2023-03-06 08:09:16,Mobiles,3383.07
OD100946,2023-03-06 09:01:07,Mobiles,3279.36
OD101289,2023-03-06 15:11:03,Mobiles,1811.79
OD100193,2023-03-07 10:37:17,Home & Kitchen,1140.42
OD101374,2023-03-07 10:56:18,Mobiles,426.22
OD100888,2023-03-07 11:53:16,Home & Kitchen,2216.27
OD100028,2023-03-07 13:33:09,Beauty,8055.1
OD100280,2023-03-07 16:18:39,Electronics,2611.65
OD100642,2023-03-07 23:00:48,Electronics,407.37
OD101127,2023-03-08 05:53:21,Home & Kitchen,4835.85
OD100267,2023-03-08 06:26:10,Fashion,1588.06
OD100645,2023-03-08 10:07:32,Electronics,1178.43
OD100032,2023-03-08 11:17:46,Fashion,430.22
OD100886,2023-03-08 12:29:32,Home & Kitchen,1018.06
OD101314,2023-03-08 14:00:10,Mobiles,684.8
OD100871,2023-03-09 04:54:26,Mobiles,3913.48
OD101307,2023-03-09 05:48:21,Home & Kitchen,916.02
OD101444,2023-03-09 06:49:25,Mobiles,4550.25
OD100237,2023-03-09 09:16:24,Mobiles,3646.28
OD100414,2023-03-09 17:59:44,Fashion,2123.32
OD101194,2023-03-09 23:12:34,Mobiles,2632.89
OD100177,2023-03-10 03:46:34,Mobiles,2204.64
OD100231,2023-03-10 05:39:04,Fashion,321.26
OD100385,2023-03-10 19:49:54,Electronics,336.01
OD100913,2023-03-11 01:31:46,Mobiles,735.97
OD100021,2023-03-11 16:11:17,Mobiles,1668.71
OD100375,2023-03-11 22:11:35,Electronics,3421.49
OD100879,2023-03-12 04:08:23,Mobiles,3027.24
OD100908,2023-03-12 09:25:50,Mobiles,4847.98
OD100593,2023-03-12 13:18:49,Mobiles,1308.38
OD101437,2023-03-12 13:38:11,Electronics,1007.09
OD100515,2023-03-12 14:20:28,Fashion,3045.03
OD100428,2023-03-12 15:58:45,Electronics,1201.12
OD100034,2023-03-12 18:16:30,Fashion,452.42
OD100715,2023-03-12 19:41:40,Beauty,1215.01
OD101013,2023-03-13 16:53:20,Electronics,3505.98
OD100838,2023-03-13 18:24:06,Mobiles,2696.89
OD100465,2023-03-13 22:17:04,Fashion,2790.87
OD100972,2023-03-14 17:51:28,Fashion,3215.95
OD101203,2023-03-14 19:55:18,Mobiles,1143.0
OD100307,2023-03-15 01:55:27,Beauty,299.34
OD100579,2023-03-15 03:28:27,Fashion,2019.6
OD101125,2023-03-15 11:29:24,Electronics,3890.89
OD101457,2023-03-15 13:37:08,Home & Kitchen,1091.38
OD100074,2023-03-16 01:13:06,Mobiles,4969.59
OD100319,2023-03-16 02:53:23,Mobiles,1415.63
OD101259,2023-03-16 11:54:06,Fashion,1098.28
OD101233,2023-03-17 00:42:12,Mobiles,1114.6
OD100262,2023-03-17 01:15:31,Electronics,2034.99
OD101161,2023-03-17 06:00:32,Electronics,3285.18
OD100180,2023-03-17 08:27:05,Mobiles,4206.7
OD100513,2023-03-17 09:00:40,Mobiles,1009.36
OD101096,2023-03-17 19:19:06,Mobiles,1282.68
OD100517,2023-03-17 21:06:08,Fashion,2380.51
OD100125,2023-03-17 21:09:28,Home & Kitchen,3827.66
OD100635,2023-03-18 08:38:39,Fashion,503.26
OD100282,2023-03-18 11:54:40,Beauty,2908.01
OD101355,2023-03-18 19:55:55,Electronics,4693.16
OD100821,2023-03-18 22:18:25,Electronics,1012.8
OD100299,2023-03-19 01:58:28,Mobiles,1090.61
OD100752,2023-03-19 14:47:04,Electronics,1066.25
OD100865,2023-03-20 00:54:31,Beauty,1194.43
OD100565,2023-03-20 04:12:30,Electronics,7811.4
OD100728,2023-03-21 08:01:40,Mobiles,1469.7
OD101177,2023-03-21 09:33:11,Mobiles,4851.79
OD101320,2023-03-21 15:28:09,Electronics,4961.78
OD100176,2023-03-21 22:32:06,Mobiles,3500.62
OD100173,2023-03-22 00:42:30,Electronics,945.12
OD100911,2023-03-22 03:51:17,Electronics,1745.02
OD100862,2023-03-22 07:41:45,Fashion,1163.63
OD101377,2023-03-22 08:07:25,Mobiles,2642.27
OD101063,2023-03-22 11:35:57,Home & Kitchen,4276.05
OD100839,2023-03-22 19:58:16,Fashion,3694.55
OD100864,2023-03-23 01:09:47,Fashion,354.39
OD101386,2023-03-23 06:31:02,Fashion,975.02
OD101268,2023-03-23 23:16:52,Home & Kitchen,3526.52
OD101039,2023-03-24 04:49:33,Mobiles,6270.13
OD100296,2023-03-24 05:07:10,Fashion,2134.81
OD100151,2023-03-24 12:35:44,Home & Kitchen,447.44
OD100965,2023-03-24 14:13:49,Mobiles,1657.68
OD100628,2023-03-24 19:58:40,Beauty,6104.44
OD100249,2023-03-25 09:32:27,Mobiles,501.07
OD100993,2023-03-25 21:51:43,Mobiles,472.3
OD100442,2023-03-26 02:16:35,Mobiles,495.54
OD100090,2023-03-26 06:36:09,Mobiles,2596.45
OD100497,2023-03-26 16:02:40,Home & Kitchen,1735.17
OD100405,2023-03-26 19:35:41,Mobiles,634.4
OD100585,2023-03-27 01:12:20,Beauty,879.07
OD100314,2023-03-27 03:15:40,Mobiles,308.57
OD101482,2023-03-27 14:15:50,Mobiles,6015.45
OD100016,2023-03-27 16:54:12,Beauty,3327.83
OD101175,2023-03-27 19:21:58,Mobiles,2651.08
OD101321,2023-03-27 21:43:32,Mobiles,4272.19
OD100979,2023-03-28 10:40:10,Electronics,4932.97
OD100607,2023-03-28 12:14:07,Electronics,2147.03
OD101172,2023-03-28 13:43:41,Mobiles,764.01
OD101390,2023-03-28 14:37:38,Home & Kitchen,1523.79
OD101434,2023-03-29 10:19:34,Mobiles,8910.02
OD101441,2023-03-29 18:29:14,Mobiles,3803.72
OD101178,2023-03-29 18:59:13,Beauty,4357.98
OD101204,2023-03-29 19:42:48,Mobiles,4355.82
OD100334,2023-03-30 02:48:07,Fashion,3341.28
OD100264,2023-03-30 14:21:49,Beauty,3368.69
OD100875,2023-03-30 18:03:36,Home & Kitchen,733.37
OD100931,2023-03-30 23:14:01,Home & Kitchen,577.29
OD100788,2023-03-31 00:01:24,Mobiles,3148.46
OD101440,2023-03-31 04:18:12,Mobiles,3776.54
OD100666,2023-03-31 04:39:18,Electronics,9901.22
OD101471,2023-03-31 10:21:30,Mobiles,748.03
OD100278,2023-03-31 12:21:42,Fashion,2856.44
OD100422,2023-03-31 14:02:21,Mobiles,358.69
OD101124,2023-03-31 18:46:42,Mobiles,2742.71
OD101332,2023-04-01 05:38:44,Fashion,2766.65
OD101382,2023-04-01 11:28:24,Fashion,1543.34
OD100855,2023-04-01 14:18:14,Mobiles,3354.86
OD100938,2023-04-02 06:07:59,Home & Kitchen,966.1
OD100182,2023-04-02 07:02:19,Electronics,4251.26
OD101133,2023-04-02 11:34:29,Electronics,2473.41
OD101410,2023-04-02 11:57:57,Home & Kitchen,1111.47
OD100580,2023-04-03 05:16:41,Fashion,871.53
OD100189,2023-04-03 06:16:19,Electronics,1950.25
OD100394,2023-04-03 09:37:21,Electronics,2559.48
OD100157,2023-04-03 10:53:24,Fashion,2470.54
OD101106,2023-04-03 14:38:02,Mobiles,1287.69
OD101300,2023-04-04 01:36:19,Electronics,2310.1
OD101354,2023-04-04 07:07:13,Mobiles,1567.19
OD101166,2023-04-04 13:18:43,Fashion,2585.37
OD101336,2023-04-04 21:21:14,Fashion,1380.65
OD101475,2023-04-05 22:58:18,Fashion,1352.82
OD100583,2023-04-06 02:35:16,Mobiles,1306.04
OD101113,2023-04-06 07:24:39,Fashion,1623.14
OD101011,2023-04-06 11:02:32,Mobiles,1452.4
OD100707,2023-04-06 18:00:41,Fashion,2419.1
OD101329,2023-04-06 23:18:43,Electronics,300.63
OD100219,2023-04-07 03:21:01,Mobiles,347.25
OD100837,2023-04-07 05:49:50,Beauty,857.74
OD100250,2023-04-07 08:08:55,Mobiles,1607.69
OD101388,2023-04-07 15:47:25,Beauty,2384.52
OD101473,2023-04-07 17:39:16,Mobiles,2276.98
OD101256,2023-04-07 22:35:41,Beauty,2059.56
OD101294,2023-04-08 01:29:40,Beauty,781.42
OD101229,2023-04-08 08:38:03,Electronics,9335.92
OD100850,2023-04-08 09:36:38,Home & Kitchen,3044.0
OD100709,2023-04-08 20:29:21,Electronics,6212.47
OD101485,2023-04-08 23:18:05,Fashion,326.17
OD101228,2023-04-09 00:44:32,Mobiles,697.3
OD101142,2023-04-09 03:41:13,Mobiles,6916.61
OD100978,2023-04-09 09:30:24,Fashion,4605.35
OD100462,2023-04-09 10:11:42,Electronics,459.56
OD100360,2023-04-09 10:53:24,Home & Kitchen,5047.61
OD100181,2023-04-09 12:10:17,Fashion,632.32
OD101458,2023-04-09 13:11:56,Electronics,827.69
OD100411,2023-04-09 13:49:59,Mobiles,343.27
OD100346,2023-04-09 19:12:06,Electronics,2882.11
OD100092,2023-04-10 08:49:37,Mobiles,3214.13
OD100574,2023-04-10 16:04:34,Mobiles,7617.15
OD100281,2023-04-11 05:02:24,Mobiles,1406.19
OD100869,2023-04-11 14:54:30,Mobiles,6846.03
OD101053,2023-04-11 17:53:54,Mobiles,903.9
OD101326,2023-04-12 11:25:00,Fashion,5479.11
OD101317,2023-04-12 13:22:13,Electronics,1443.76
OD101323,2023-04-12 18:08:09,Home & Kitchen,3091.69
OD100525,2023-04-13 06:53:10,Home & Kitchen,2814.29
OD100550,2023-04-13 10:17:31,Fashion,1021.55
OD101373,2023-04-14 03:14:12,Electronics,976.81
OD101287,2023-04-14 04:02:22,Fashion,1604.58
OD101493,2023-04-14 08:37:44,Electronics,903.21
OD101018,2023-04-14 09:54:05,Beauty,3008.44
OD101192,2023-04-15 09:14:33,Electronics,1675.24
OD101263,2023-04-15 19:50:14,Mobiles,1213.88
OD100476,2023-04-16 01:49:12,Mobiles,1837.91
OD100332,2023-04-16 16:49:42,Mobiles,1525.12
OD100854,2023-04-16 18:14:42,Fashion,1012.82
OD100937,2023-04-17 05:57:55,Mobiles,1538.98
OD100023,2023-04-17 06:05:51,Home & Kitchen,6253.37
OD100508,2023-04-17 07:34:47,Home & Kitchen,9763.35
OD101242,2023-04-17 09:25:00,Mobiles,460.52
OD101174,2023-04-17 12:35:39,Home & Kitchen,4074.14
OD100731,2023-04-17 17:45:35,Home & Kitchen,3081.89
OD100903,2023-04-18 00:32:46,Beauty,2314.07
OD101306,2023-04-18 02:25:17,Electronics,1115.55
OD101239,2023-04-18 15:43:54,Mobiles,1039.84
OD100031,2023-04-18 16:54:08,Electronics,2828.26
OD101170,2023-04-18 17:02:47,Fashion,3053.75
OD100413,2023-04-19 20:40:34,Fashion,4007.58
OD101111,2023-04-19 23:51:03,Fashion,990.02
OD101380,2023-04-20 09:20:44,Electronics,1493.09
OD101477,2023-04-20 09:22:17,Beauty,2986.2
OD101423,2023-04-20 21:56:03,Electronics,1350.65
OD101243,2023-04-21 12:42:45,Home & Kitchen,889.91
OD100954,2023-04-21 14:13:16,Mobiles,605.53
OD100639,2023-04-21 15:05:56,Fashion,4091.51
OD100797,2023-04-21 23:50:01,Electronics,821.3
OD100200,2023-04-22 03:14:43,Mobiles,5315.91
OD100494,2023-04-22 06:21:13,Mobiles,10226.27
OD100012,2023-04-22 10:35:19,Mobiles,1357.65
OD100030,2023-04-23 05:19:39,Fashion,302.92
OD100696,2023-04-23 07:11:41,Mobiles,1561.75
OD100829,2023-04-23 13:44:50,Mobiles,3092.51
OD101348,2023-04-23 18:10:57,Home & Kitchen,718.54
OD100399,2023-04-23 20:10:36,Beauty,3128.46
OD100027,2023-04-24 05:57:13,Fashion,4639.2
OD100309,2023-04-24 08:11:52,Fashion,418.96
OD100650,2023-04-24 09:30:44,Home & Kitchen,2076.72
OD101436,2023-04-24 11:03:25,Home & Kitchen,2039.47
OD101200,2023-04-24 13:06:44,Mobiles,5729.94
OD100883,2023-04-24 14:09:09,Fashion,591.55
OD100469,2023-04-24 14:23:16,Fashion,2184.75
OD101156,2023-04-24 15:15:59,Electronics,1466.51
OD100546,2023-04-24 17:45:41,Electronics,7835.2
OD101454,2023-04-24 18:06:06,Beauty,6296.06
OD100168,2023-04-25 16:41:49,Fashion,860.96
OD100836,2023-04-25 20:09:52,Home & Kitchen,2263.55
OD101311,2023-04-26 16:02:06,Mobiles,6846.48
OD101078,2023-04-26 19:02:40,Fashion,4061.98
OD100425,2023-04-26 20:13:25,Fashion,4088.6
OD101411,2023-04-26 22:19:49,Mobiles,1125.88
OD100343,2023-04-27 06:57:33,Home & Kitchen,1183.74
OD100612,2023-04-27 14:35:01,Home & Kitchen,1204.81
OD100851,2023-04-27 16:05:46,Home & Kitchen,4169.7
OD100599,2023-04-27 21:39:09,Fashion,2235.41
OD101108,2023-04-28 01:42:39,Mobiles,4407.33
OD100448,2023-04-28 11:10:35,Electronics,4099.39
OD100982,2023-04-28 12:53:44,Home & Kitchen,4219.24
OD100809,2023-04-28 15:33:31,Mobiles,3512.39
OD100427,2023-04-28 16:07:14,Fashion,1567.77
OD101381,2023-04-28 18:32:09,Electronics,4340.73
OD100493,2023-04-28 23:10:57,Fashion,3408.58
OD100890,2023-04-29 00:09:18,Fashion,1390.57
OD100789,2023-04-29 00:54:59,Electronics,1610.26
OD100342,2023-04-29 13:58:54,Electronics,3330.19
OD100987,2023-04-29 20:49:16,Electronics,1868.85
OD100259,2023-04-29 22:03:41,Home & Kitchen,2147.38
OD101452,2023-04-30 01:47:31,Mobiles,5697.09
OD100619,2023-04-30 03:04:18,Mobiles,3684.98
OD101071,2023-04-30 10:54:15,Mobiles,828.66
OD101429,2023-04-30 11:02:16,Fashion,458.5
OD100166,2023-04-30 15:21:08,Fashion,2405.31
OD101184,2023-04-30 21:43:34,Home & Kitchen,2424.13
OD101481,2023-04-30 23:54:47,Electronics,2974.28
OD101334,2023-05-01 01:38:24,Mobiles,711.33
OD100740,2023-05-01 05:59:59,Electronics,10125.58
OD100326,2023-05-01 14:59:18,Home & Kitchen,6317.29
OD101498,2023-05-01 20:02:19,Mobiles,2986.61
OD101182,2023-05-02 03:23:35,Home & Kitchen,1583.94
OD100660,2023-05-02 11:21:40,Electronics,5244.66
OD100136,2023-05-02 12:35:46,Fashion,1149.62
OD100218,2023-05-02 15:54:59,Beauty,6821.18
OD101223,2023-05-02 15:57:09,Beauty,950.35
OD100403,2023-05-02 19:23:47,Home & Kitchen,2140.68
OD100819,2023-05-02 19:34:01,Beauty,3654.44
OD100014,2023-05-02 20:07:30,Home & Kitchen,5482.1
OD101407,2023-05-03 10:20:23,Electronics,7650.29
OD100294,2023-05-03 15:11:51,Electronics,4372.57
OD100287,2023-05-03 19:36:57,Beauty,2502.91
OD101038,2023-05-03 19:41:17,Electronics,3764.51
OD100719,2023-05-03 21:14:04,Electronics,3597.45
OD100426,2023-05-03 22:04:28,Beauty,1830.2
OD100867,2023-05-04 04:11:42,Beauty,443.54
OD100033,2023-05-04 04:14:50,Mobiles,1043.69
OD101495,2023-05-04 12:56:14,Mobiles,2557.73
OD101451,2023-05-04 17:05:27,Electronics,1586.11
OD100327,2023-05-04 20:23:15,Electronics,1483.3
OD101345,2023-05-04 23:56:45,Electronics,1877.1
OD101435,2023-05-05 10:10:40,Beauty,1778.7
OD100124,2023-05-05 20:51:18,Fashion,358.07
OD100791,2023-05-06 02:21:10,Fashion,2485.23
OD101232,2023-05-06 13:31:20,Electronics,1747.39
OD100922,2023-05-06 20:30:03,Mobiles,3594.66
OD101147,2023-05-07 00:51:04,Home & Kitchen,10222.85
OD100814,2023-05-07 10:13:57,Electronics,991.75
OD100078,2023-05-07 16:34:57,Mobiles,1104.27
OD100054,2023-05-07 20:10:14,Electronics,6411.88
OD100641,2023-05-07 23:25:23,Mobiles,7901.96
OD100099,2023-05-08 00:13:59,Mobiles,718.45
OD100910,2023-05-08 03:54:28,Mobiles,3748.35
OD100384,2023-05-08 08:08:29,Fashion,4810.81
OD100117,2023-05-08 08:12:28,Electronics,2059.29
OD101210,2023-05-08 23:39:23,Home & Kitchen,1862.77
OD100957,2023-05-09 01:57:06,Beauty,1327.23
OD101230,2023-05-09 06:25:22,Beauty,3859.43
OD100705,2023-05-09 10:58:36,Mobiles,1019.77
OD101193,2023-05-09 11:01:57,Home & Kitchen,519.89
OD101158,2023-05-09 23:59:12,Beauty,756.88
OD101201,2023-05-10 01:36:27,Mobiles,846.42
OD100697,2023-05-10 02:08:01,Electronics,652.09
OD100061,2023-05-10 10:42:01,Electronics,2207.75
OD101266,2023-05-11 02:46:54,Fashion,1654.82
OD100458,2023-05-11 12:06:52,Fashion,1157.0
OD100387,2023-05-11 21:49:12,Mobiles,1327.75
OD100433,2023-05-12 02:10:37,Home & Kitchen,3739.31
OD100143,2023-05-12 05:04:57,Mobiles,2315.97
OD100573,2023-05-12 10:23:25,Beauty,5912.02
OD101292,2023-05-12 11:40:28,Fashion,845.69
OD100067,2023-05-12 20:32:46,Fashion,2451.14
OD100801,2023-05-12 22:12:46,Mobiles,319.89
OD100804,2023-05-13 06:09:38,Fashion,3748.63
OD101369,2023-05-13 08:03:07,Electronics,4867.68
OD100677,2023-05-13 09:20:59,Fashion,1511.71
OD101271,2023-05-13 10:09:34,Mobiles,4051.01
OD101418,2023-05-13 15:21:23,Fashion,1233.48
OD100391,2023-05-13 18:36:01,Fashion,1996.44
OD100247,2023-05-14 02:49:22,Home & Kitchen,530.95
OD100275,2023-05-14 04:11:45,Mobiles,1268.66
OD100463,2023-05-14 08:18:42,Mobiles,697.38
OD101459,2023-05-14 15:58:38,Fashion,809.29
OD100736,2023-05-14 16:58:11,Mobiles,566.22
OD101449,2023-05-15 07:57:23,Mobiles,3022.07
OD100591,2023-05-15 08:44:36,Beauty,4462.42
OD100491,2023-05-15 10:46:50,Mobiles,7860.86
OD101460,2023-05-15 11:23:47,Fashion,1345.78
OD100808,2023-05-15 12:57:46,Fashion,1723.69
OD101413,2023-05-15 14:49:42,Home & Kitchen,324.84
OD101333,2023-05-15 18:13:28,Mobiles,3767.39
OD101396,2023-05-16 05:33:02,Electronics,966.82
OD100914,2023-05-16 05:41:35,Mobiles,3098.43
OD100915,2023-05-16 11:53:58,Home & Kitchen,792.85
OD100292,2023-05-16 15:01:10,Mobiles,3427.99
OD100753,2023-05-16 15:41:17,Beauty,873.58
OD100671,2023-05-16 17:18:18,Home & Kitchen,7646.94
OD100586,2023-05-17 14:27:09,Mobiles,483.54
OD100223,2023-05-17 20:03:05,Electronics,3247.46
OD101040,2023-05-17 23:15:06,Fashion,3853.44
OD100929,2023-05-18 05:53:29,Fashion,990.15
OD101132,2023-05-18 10:48:52,Mobiles,2509.38
OD100894,2023-05-18 14:44:36,Fashion,6426.38
OD100150,2023-05-18 20:20:49,Beauty,840.11
OD100341,2023-05-21 02:44:38,Fashion,7827.27
OD101338,2023-05-21 11:46:31,Home & Kitchen,1963.46
OD100932,2023-05-21 19:00:11,Electronics,927.73
OD101426,2023-05-22 02:16:58,Mobiles,812.67
OD100242,2023-05-22 03:33:46,Fashion,3961.51
OD101387,2023-05-22 10:09:43,Electronics,3127.3
OD101360,2023-05-22 12:04:15,Fashion,2085.34
OD100940,2023-05-22 15:15:01,Mobiles,8337.63
OD100471,2023-05-22 16:00:32,Electronics,2034.89
OD101007,2023-05-22 16:50:26,Fashion,920.51
OD101246,2023-05-22 18:19:12,Mobiles,1347.83
OD100196,2023-05-22 22:00:06,Electronics,1520.6
OD100799,2023-05-23 17:32:22,Mobiles,9730.41
OD100404,2023-05-23 20:54:56,Mobiles,9624.69
OD100710,2023-05-24 06:23:46,Fashion,329.58
OD101421,2023-05-24 10:14:52,Home & Kitchen,1761.07
OD100253,2023-05-24 16:25:25,Home & Kitchen,1371.42
OD100514,2023-05-24 21:09:55,Home & Kitchen,2857.4
OD101143,2023-05-24 21:39:56,Mobiles,1345.02
OD101149,2023-05-25 04:18:00,Fashion,4378.39
OD100976,2023-05-25 05:10:55,Beauty,2216.83
OD100368,2023-05-25 17:07:27,Home & Kitchen,1173.96
OD100444,2023-05-26 14:27:11,Home & Kitchen,937.46
OD100970,2023-05-26 15:00:06,Fashion,2355.31
OD100241,2023-05-26 21:21:11,Mobiles,3799.25
OD100040,2023-05-27 09:30:37,Fashion,1450.33
OD100924,2023-05-27 09:38:35,Mobiles,738.94
OD100631,2023-05-27 13:08:13,Electronics,3807.58
OD100449,2023-05-28 01:43:55,Mobiles,2457.64
OD100132,2023-05-28 05:07:22,Mobiles,5781.17
OD100167,2023-05-28 05:54:54,Mobiles,2722.31
OD100455,2023-05-28 16:46:26,Mobiles,1051.44
OD100170,2023-05-28 18:22:56,Mobiles,399.65
OD100739,2023-05-28 21:51:34,Mobiles,1713.17
OD100621,2023-05-28 23:52:53,Fashion,1672.18
OD100171,2023-05-29 02:42:12,Electronics,1912.49
OD100848,2023-05-29 12:19:55,Home & Kitchen,1447.94
OD101077,2023-05-29 13:40:02,Electronics,4516.68
OD100071,2023-05-29 14:30:20,Home & Kitchen,1349.82
OD100898,2023-05-29 15:24:19,Mobiles,2060.2
OD100540,2023-05-29 22:22:13,Electronics,413.88
OD101468,2023-05-30 13:05:39,Electronics,1190.48
OD100354,2023-05-30 23:02:08,Home & Kitchen,1448.96
OD101219,2023-05-31 02:31:45,Fashion,521.36
OD100328,2023-05-31 06:53:28,Electronics,8615.04
OD100765,2023-05-31 09:08:27,Home & Kitchen,2583.76
OD101199,2023-05-31 15:10:46,Beauty,5268.38
OD100955,2023-05-31 17:06:13,Mobiles,2625.21
OD100260,2023-05-31 17:25:04,Fashion,1189.14
OD100959,2023-06-01 00:01:08,Beauty,3243.74
OD100964,2023-06-01 04:01:59,Home & Kitchen,2071.2
OD100158,2023-06-01 07:14:42,Fashion,673.72
OD101103,2023-06-01 09:49:42,Electronics,473.06
OD100688,2023-06-01 11:31:51,Fashion,8829.79
OD101024,2023-06-01 11:47:42,Mobiles,470.94
OD100676,2023-06-01 20:12:18,Fashion,3613.82
OD101225,2023-06-01 20:28:30,Beauty,1080.86
OD100075,2023-06-02 15:07:57,Electronics,3247.14
OD100668,2023-06-02 19:11:44,Mobiles,3318.7
OD100755,2023-06-02 23:34:08,Home & Kitchen,1080.76
OD100348,2023-06-03 02:29:35,Home & Kitchen,1414.91
OD100653,2023-06-03 03:55:31,Fashion,4692.49
OD100036,2023-06-03 05:08:43,Mobiles,3199.61
OD101032,2023-06-03 14:12:01,Mobiles,3079.44
OD100363,2023-06-03 17:14:48,Home & Kitchen,1896.98
OD100998,2023-06-03 21:59:32,Mobiles,471.21
OD100005,2023-06-04 02:38:12,Electronics,2096.02
OD100397,2023-06-04 16:19:46,Mobiles,8575.06
OD101308,2023-06-04 18:12:52,Fashion,803.79
OD100823,2023-06-04 23:00:09,Fashion,1088.54
OD101049,2023-06-05 04:45:08,Mobiles,1089.01
OD100777,2023-06-05 08:44:02,Mobiles,2575.2
OD101438,2023-06-05 10:09:05,Electronics,1890.73
OD100873,2023-06-05 15:59:23,Fashion,2960.79
OD100781,2023-06-05 17:50:44,Electronics,719.54
OD100656,2023-06-05 21:42:17,Electronics,1847.42
OD100073,2023-06-06 00:24:14,Fashion,2939.98
OD100255,2023-06-07 08:44:15,Beauty,4427.71
OD101135,2023-06-07 18:08:04,Electronics,3832.96
OD100920,2023-06-07 21:35:11,Electronics,303.99
OD100602,2023-06-08 00:05:44,Electronics,394.74
OD100830,2023-06-08 02:23:03,Fashion,510.58
OD101137,2023-06-09 12:08:57,Electronics,3371.35
OD101019,2023-06-10 02:24:00,Mobiles,1953.07
OD100825,2023-06-10 06:07:00,Electronics,460.42
OD101422,2023-06-10 20:50:40,Mobiles,1055.31
OD101428,2023-06-10 22:20:21,Fashion,6898.71
OD101030,2023-06-11 09:12:34,Beauty,2123.57
OD100018,2023-06-11 11:56:07,Fashion,651.44
OD101350,2023-06-11 14:04:36,Fashion,1704.23
OD101226,2023-06-11 15:45:11,Mobiles,565.12
OD100295,2023-06-12 04:22:18,Electronics,2309.2
OD101207,2023-06-12 09:28:53,Mobiles,5990.46
OD101425,2023-06-12 10:22:30,Mobiles,7151.12
OD100082,2023-06-13 02:14:21,Mobiles,4302.43
OD101169,2023-06-13 06:41:02,Mobiles,1817.21
OD100685,2023-06-13 13:16:50,Fashion,3349.86
OD101084,2023-06-13 16:23:44,Home & Kitchen,1714.61
OD101383,2023-06-13 18:33:53,Fashion,3772.44
OD101197,2023-06-14 09:00:47,Home & Kitchen,2989.01
OD100700,2023-06-15 00:02:42,Fashion,1225.89
OD101276,2023-06-15 16:33:14,Home & Kitchen,11678.34
OD100770,2023-06-16 03:59:04,Mobiles,8681.12
OD100243,2023-06-16 10:55:04,Fashion,2985.32
OD100245,2023-06-16 22:01:08,Fashion,4974.73
OD101003,2023-06-17 03:30:44,Beauty,1719.57
OD101296,2023-06-17 08:40:21,Fashion,2463.67
OD100415,2023-06-17 16:29:51,Mobiles,1368.64
OD100841,2023-06-17 22:19:47,Beauty,2141.48
OD100768,2023-06-18 16:10:58,Fashion,1076.9
OD100008,2023-06-18 19:43:06,Electronics,1563.66
OD100128,2023-06-19 04:09:15,Mobiles,6057.54
OD100215,2023-06-19 11:46:35,Beauty,1785.96
OD100470,2023-06-19 13:31:11,Fashion,991.33
OD100256,2023-06-19 17:39:35,Home & Kitchen,7675.32
OD101141,2023-06-19 20:57:49,Fashion,6883.05
OD101048,2023-06-19 22:08:36,Mobiles,3449.45
OD100483,2023-06-20 07:58:15,Electronics,427.18
OD100210,2023-06-20 15:35:08,Home & Kitchen,1744.75
OD101252,2023-06-20 17:52:47,Mobiles,2370.89
OD100329,2023-06-20 21:22:40,Mobiles,532.83
OD101159,2023-06-21 00:15:21,Electronics,2033.67
OD101134,2023-06-21 10:03:44,Electronics,11987.76
OD100833,2023-06-21 17:32:48,Home & Kitchen,4387.05
OD100633,2023-06-21 18:17:40,Fashion,2531.89
OD100164,2023-06-22 05:48:48,Electronics,5606.23
OD101105,2023-06-22 06:08:30,Home & Kitchen,17313.38
OD100510,2023-06-22 10:53:47,Home & Kitchen,739.86
OD101089,2023-06-22 11:57:21,Mobiles,996.29
OD100613,2023-06-22 20:00:28,Mobiles,953.77
OD100417,2023-06-22 21:05:51,Electronics,302.39
OD101044,2023-06-23 03:56:46,Fashion,2460.66
OD100897,2023-06-23 04:39:00,Fashion,1393.03
OD101118,2023-06-23 17:58:52,Electronics,2386.82
OD100678,2023-06-24 00:04:48,Electronics,362.79
OD101461,2023-06-24 02:43:23,Fashion,1704.11
OD100592,2023-06-24 06:56:00,Fashion,4816.07
OD100420,2023-06-24 23:40:05,Electronics,9441.91
OD100609,2023-06-25 01:48:22,Home & Kitchen,9336.04
OD100398,2023-06-25 04:00:15,Home & Kitchen,2128.89
OD101164,2023-06-25 09:09:54,Fashion,723.62
OD100133,2023-06-25 11:20:18,Mobiles,2608.19
OD100511,2023-06-25 11:20:25,Fashion,1918.96
OD100617,2023-06-25 20:03:37,Fashion,933.95
OD100859,2023-06-26 00:45:00,Electronics,7182.17
OD101215,2023-06-26 01:31:53,Beauty,9555.75
OD101055,2023-06-26 22:01:09,Home & Kitchen,6259.53
OD100690,2023-06-26 22:28:58,Electronics,2055.96
OD101298,2023-06-27 00:57:54,Home & Kitchen,2886.3
OD100056,2023-06-27 14:47:31,Home & Kitchen,5471.71
OD100068,2023-06-27 18:21:47,Electronics,410.81
OD100537,2023-06-28 01:39:10,Beauty,1567.07
OD100269,2023-06-28 11:37:20,Mobiles,960.17
OD100670,2023-06-28 12:20:47,Fashion,2363.26
OD101138,2023-06-28 13:44:13,Home & Kitchen,1531.59
OD100187,2023-06-28 20:28:22,Electronics,1851.88
OD100359,2023-06-29 06:03:48,Mobiles,4616.46
OD101090,2023-06-29 20:39:33,Mobiles,2336.37
OD101198,2023-06-29 20:43:04,Electronics,892.21
OD100439,2023-06-30 02:07:55,Home & Kitchen,12168.11
OD101420,2023-06-30 09:42:06,Mobiles,504.57
OD100153,2023-06-30 11:39:34,Electronics,1086.63
OD100116,2023-06-30 15:02:19,Fashion,368.81
OD101151,2023-06-30 15:34:06,Fashion,2547.33
OD100909,2023-07-01 03:18:24,Electronics,5192.31
OD100694,2023-07-01 12:33:15,Fashion,4322.64
OD100572,2023-07-01 19:41:29,Mobiles,1387.72
OD100601,2023-07-01 20:40:15,Electronics,1683.46
OD101469,2023-07-02 00:51:47,Electronics,2565.36
OD101092,2023-07-02 02:36:49,Beauty,3046.89
OD100772,2023-07-02 17:30:03,Fashion,3116.73
OD100858,2023-07-03 01:00:28,Beauty,2918.72
OD101379,2023-07-03 18:11:36,Mobiles,775.38
OD100811,2023-07-03 20:02:17,Mobiles,2524.67
OD100440,2023-07-04 00:47:56,Fashion,2264.8
OD101234,2023-07-04 06:58:13,Electronics,4301.35
OD100847,2023-07-04 09:30:36,Mobiles,1081.85
OD100060,2023-07-04 10:01:21,Fashion,470.89
OD100849,2023-07-04 18:15:17,Mobiles,5941.74
OD100025,2023-07-04 18:33:56,Fashion,2639.63
OD100146,2023-07-05 08:10:46,Home & Kitchen,4783.15
OD100140,2023-07-05 12:37:24,Beauty,1339.26
OD100134,2023-07-05 12:51:28,Home & Kitchen,4680.93
OD100347,2023-07-05 14:53:47,Mobiles,422.46
OD101086,2023-07-05 17:11:47,Home & Kitchen,1050.33
OD100643,2023-07-05 17:35:57,Beauty,1069.82
OD100800,2023-07-06 02:27:25,Mobiles,567.67
OD100001,2023-07-06 06:41:18,Electronics,584.8
OD101140,2023-07-06 08:00:48,Home & Kitchen,2570.13
OD100655,2023-07-06 08:30:10,Home & Kitchen,3431.27
OD100832,2023-07-07 02:03:24,Fashion,4857.0
OD100464,2023-07-07 08:41:31,Home & Kitchen,318.68
OD101251,2023-07-07 10:03:34,Fashion,1199.34
OD101231,2023-07-07 12:55:05,Mobiles,8885.48
OD101288,2023-07-08 05:44:42,Fashion,1293.61
OD101409,2023-07-08 05:50:30,Mobiles,3657.73
OD101346,2023-07-08 06:05:47,Fashion,1868.8
OD100248,2023-07-08 06:27:53,Electronics,1970.76
OD101399,2023-07-08 21:30:56,Fashion,8441.24
OD100524,2023-07-09 03:07:30,Mobiles,948.12
OD100293,2023-07-09 06:03:54,Beauty,4621.45
OD100975,2023-07-09 06:37:05,Home & Kitchen,3512.35
OD100498,2023-07-09 08:06:32,Mobiles,2549.8
OD100336,2023-07-09 15:36:42,Mobiles,755.66
OD101448,2023-07-09 23:18:06,Fashion,896.06
OD100818,2023-07-10 05:05:43,Electronics,5547.5
OD101062,2023-07-10 11:32:33,Electronics,2992.43
OD100649,2023-07-10 13:13:25,Electronics,2102.12
OD100578,2023-07-10 13:13:54,Home & Kitchen,1916.26
OD101152,2023-07-11 02:40:55,Fashion,436.06
OD101257,2023-07-11 03:27:57,Home & Kitchen,687.94
OD100712,2023-07-11 09:10:30,Home & Kitchen,432.07
OD101431,2023-07-11 15:45:00,Mobiles,743.2
OD100870,2023-07-11 18:01:36,Beauty,577.43
OD100751,2023-07-11 22:32:02,Mobiles,1566.14
OD101187,2023-07-12 03:03:09,Mobiles,2486.82
OD100651,2023-07-12 06:34:11,Beauty,1451.24
OD101293,2023-07-12 06:37:31,Home & Kitchen,7861.64
OD101129,2023-07-12 08:09:13,Electronics,2370.82
OD101450,2023-07-12 15:19:08,Home & Kitchen,1623.16
OD101101,2023-07-12 20:41:28,Fashion,1014.9
OD100722,2023-07-13 01:14:00,Beauty,4127.41
OD101034,2023-07-13 03:51:28,Electronics,3688.44
OD100522,2023-07-13 13:09:33,Mobiles,1403.14
OD100921,2023-07-13 17:03:33,Beauty,3470.19
OD100630,2023-07-13 18:35:25,Beauty,10774.77
OD101058,2023-07-13 21:08:49,Mobiles,499.24
OD100261,2023-07-14 15:16:09,Fashion,498.94
OD100063,2023-07-14 23:16:04,Home & Kitchen,328.44
OD100331,2023-07-15 00:08:31,Fashion,2001.13
OD100042,2023-07-15 03:51:10,Electronics,1656.29
OD100213,2023-07-15 10:46:12,Mobiles,460.23
OD100305,2023-07-15 10:54:54,Home & Kitchen,3751.22
OD100423,2023-07-15 12:39:57,Beauty,6019.73
OD100717,2023-07-15 23:59:40,Mobiles,2726.48
OD100925,2023-07-16 00:59:51,Fashion,517.13
OD100603,2023-07-16 05:23:51,Mobiles,641.03
OD100683,2023-07-17 02:11:48,Home & Kitchen,1738.13
OD101061,2023-07-17 20:32:33,Home & Kitchen,4611.56
OD101414,2023-07-18 04:14:42,Home & Kitchen,3446.39
OD101357,2023-07-18 15:43:30,Mobiles,376.34
OD100268,2023-07-19 00:08:16,Electronics,1173.92
OD101245,2023-07-19 01:20:56,Fashion,696.26
OD101042,2023-07-19 18:08:16,Mobiles,2953.25
OD100803,2023-07-20 08:34:12,Mobiles,542.0
OD100222,2023-07-20 10:59:11,Mobiles,3505.7
OD100960,2023-07-20 20:08:14,Fashion,876.47
OD100401,2023-07-21 08:08:03,Electronics,4016.96
OD100355,2023-07-22 03:09:52,Electronics,1453.35
OD100477,2023-07-22 03:28:41,Fashion,2276.33
OD100672,2023-07-22 12:49:23,Home & Kitchen,2013.23
OD100636,2023-07-23 00:35:37,Electronics,2264.88
OD101209,2023-07-23 02:16:29,Fashion,9364.48
OD101347,2023-07-23 06:51:23,Fashion,3872.79
OD100794,2023-07-23 07:05:10,Beauty,8199.4
OD100380,2023-07-23 08:19:47,Mobiles,448.62
OD100889,2023-07-23 16:24:28,Beauty,1402.58
OD100339,2023-07-23 17:43:52,Home & Kitchen,8755.98
OD101384,2023-07-23 18:49:11,Mobiles,634.22
OD101017,2023-07-23 22:38:59,Mobiles,912.69
OD101304,2023-07-24 01:33:52,Fashion,2414.03
OD100754,2023-07-24 13:52:16,Electronics,1948.47
OD101405,2023-07-24 18:17:24,Fashion,1254.16
OD100197,2023-07-25 10:46:04,Fashion,2088.89
OD100149,2023-07-25 17:02:03,Mobiles,1049.52
OD100558,2023-07-25 19:24:22,Home & Kitchen,2061.84
OD101284,2023-07-26 02:28:53,Mobiles,4852.96
OD101267,2023-07-26 03:21:11,Mobiles,1832.21
OD100783,2023-07-26 05:04:34,Mobiles,3633.59
OD100096,2023-07-26 07:06:53,Fashion,683.61
OD101012,2023-07-26 18:22:37,Mobiles,1859.17
OD101361,2023-07-26 19:48:37,Fashion,2686.12
OD100490,2023-07-26 23:25:50,Fashion,847.27
OD100644,2023-07-27 00:01:33,Mobiles,2599.46
OD100973,2023-07-27 00:46:45,Fashion,1029.14
OD100526,2023-07-27 18:03:58,Mobiles,926.82
OD100962,2023-07-27 19:34:25,Fashion,5949.61
OD101025,2023-07-27 22:01:43,Electronics,3935.59
OD101299,2023-07-28 12:08:51,Electronics,951.85
OD100566,2023-07-28 18:26:42,Electronics,2477.43
OD100094,2023-07-28 21:35:57,Home & Kitchen,755.38
OD101079,2023-07-29 04:28:52,Electronics,3875.67
OD101244,2023-07-29 09:29:08,Electronics,4438.01
OD100996,2023-07-29 11:58:19,Electronics,2249.91
OD100816,2023-07-29 14:26:53,Fashion,538.6
OD101072,2023-07-29 20:10:54,Electronics,3264.67
OD100745,2023-07-29 20:52:27,Electronics,599.63
OD100252,2023-07-30 04:51:06,Mobiles,469.72
OD101356,2023-07-30 04:53:54,Home & Kitchen,766.96
OD100122,2023-07-30 16:18:08,Mobiles,1526.5
OD100258,2023-07-31 11:56:32,Fashion,8058.14
OD100127,2023-07-31 14:13:20,Fashion,1152.57
OD100424,2023-07-31 19:01:57,Mobiles,4120.93
OD100893,2023-07-31 22:40:53,Mobiles,1218.69
OD100285,2023-08-01 06:09:05,Fashion,2047.34
OD100214,2023-08-01 09:59:33,Beauty,5672.9
OD100371,2023-08-01 10:59:35,Mobiles,3653.23
OD100661,2023-08-01 13:47:24,Mobiles,1099.76
OD100322,2023-08-01 18:53:54,Mobiles,1238.82
OD100408,2023-08-02 22:45:39,Home & Kitchen,4413.68
OD101351,2023-08-03 00:01:59,Fashion,2570.49
OD100556,2023-08-03 11:11:39,Electronics,6558.89
OD100019,2023-08-03 15:08:27,Electronics,1102.03
OD100114,2023-08-03 15:20:56,Mobiles,677.67
OD100064,2023-08-04 07:28:01,Fashion,1669.6
OD100892,2023-08-04 15:46:23,Home & Kitchen,4192.22
OD100885,2023-08-04 20:10:19,Electronics,1225.96
OD100306,2023-08-05 08:27:27,Beauty,1254.3
OD101119,2023-08-05 18:06:23,Home & Kitchen,1236.74
OD100044,2023-08-05 19:12:50,Electronics,483.14
OD100553,2023-08-06 03:53:24,Home & Kitchen,2971.37
OD100757,2023-08-06 10:00:51,Mobiles,2972.28
OD101464,2023-08-07 06:09:30,Electronics,3618.36
OD100396,2023-08-07 11:40:37,Electronics,1858.5
OD100139,2023-08-07 14:23:54,Mobiles,1516.41
OD100904,2023-08-07 15:46:48,Fashion,2047.58
OD100162,2023-08-07 17:41:46,Electronics,1583.49
OD100618,2023-08-08 05:33:03,Beauty,3018.53
OD101337,2023-08-08 12:43:58,Electronics,545.17
OD101249,2023-08-08 19:13:09,Mobiles,514.9
OD100472,2023-08-08 19:39:43,Mobiles,3144.62
OD100129,2023-08-09 00:02:15,Mobiles,607.64
OD100141,2023-08-09 00:16:41,Mobiles,2247.98
OD101136,2023-08-09 03:59:07,Electronics,1758.81
OD101253,2023-08-09 06:49:39,Fashion,4370.61
OD100091,2023-08-09 19:04:11,Mobiles,3355.92
OD100083,2023-08-09 20:43:49,Mobiles,4619.87
OD101202,2023-08-10 00:31:05,Mobiles,3642.06
OD100999,2023-08-10 04:15:33,Electronics,2911.57
OD100877,2023-08-10 19:28:48,Home & Kitchen,481.75
OD100434,2023-08-11 14:53:20,Mobiles,1904.23
OD100357,2023-08-11 19:03:25,Electronics,3946.89
OD100956,2023-08-12 01:41:37,Mobiles,610.65
OD101404,2023-08-12 05:12:45,Mobiles,3135.89
OD101392,2023-08-12 20:08:05,Electronics,347.35
OD101067,2023-08-12 23:13:55,Beauty,7294.01
OD100304,2023-08-13 22:09:14,Beauty,438.66
OD100093,2023-08-13 22:48:41,Electronics,1472.22
OD100503,2023-08-14 03:43:24,Mobiles,4231.71
OD101240,2023-08-14 09:32:39,Mobiles,1396.5
OD101031,2023-08-14 14:38:50,Home & Kitchen,677.0
OD101339,2023-08-14 15:41:25,Mobiles,6636.54
OD100446,2023-08-14 17:57:19,Home & Kitchen,678.39
OD100750,2023-08-14 19:51:52,Electronics,1362.62
OD100065,2023-08-14 23:01:39,Fashion,1173.04
OD100325,2023-08-15 01:43:59,Home & Kitchen,1721.1
OD100392,2023-08-15 13:58:23,Electronics,1594.0
OD101279,2023-08-16 06:41:09,Mobiles,841.8
OD101358,2023-08-16 09:29:36,Mobiles,870.8
OD101312,2023-08-16 13:17:23,Beauty,9059.28
OD101285,2023-08-16 17:00:34,Fashion,1420.21
OD101185,2023-08-16 18:20:30,Fashion,1109.91
OD101148,2023-08-16 19:36:14,Fashion,2920.05
OD100716,2023-08-17 00:01:53,Mobiles,1387.36
OD100277,2023-08-17 20:29:41,Beauty,939.55
OD101016,2023-08-18 06:29:32,Mobiles,320.0
OD100567,2023-08-18 12:46:46,Electronics,1733.48
OD100963,2023-08-18 19:56:57,Fashion,870.38
OD101442,2023-08-19 10:07:05,Mobiles,2455.23
OD101330,2023-08-19 16:30:56,Mobiles,5412.45
OD100584,2023-08-19 23:06:01,Fashion,5127.07
OD101439,2023-08-19 23:06:49,Home & Kitchen,3010.13
OD100535,2023-08-20 16:13:12,Mobiles,614.33
OD100041,2023-08-21 02:15:25,Electronics,621.5
OD100504,2023-08-21 07:53:26,Beauty,6261.17
OD100952,2023-08-21 12:06:05,Mobiles,2794.24
OD101028,2023-08-21 18:40:33,Fashion,3782.27
OD100708,2023-08-21 23:53:33,Fashion,4770.87
OD100263,2023-08-22 01:40:27,Home & Kitchen,4254.96
OD101412,2023-08-22 04:19:14,Beauty,8565.56
OD100533,2023-08-22 06:06:13,Electronics,1938.1
OD101466,2023-08-22 06:36:34,Fashion,1148.0
OD100058,2023-08-22 08:47:55,Mobiles,620.17
OD100057,2023-08-22 17:24:40,Mobiles,3517.14
OD100430,2023-08-22 23:30:34,Mobiles,946.69
OD100335,2023-08-23 01:23:12,Mobiles,309.93
OD101082,2023-08-23 06:22:47,Electronics,3300.19
OD100967,2023-08-23 06:40:58,Mobiles,4233.67
OD101054,2023-08-23 07:29:42,Home & Kitchen,1681.81
OD100640,2023-08-23 17:17:26,Electronics,2490.31
OD100349,2023-08-23 17:48:09,Home & Kitchen,8153.78
OD100226,2023-08-24 09:28:56,Beauty,1409.71
OD100160,2023-08-24 20:58:15,Mobiles,2759.32
OD100773,2023-08-25 02:19:57,Electronics,3364.8
OD101264,2023-08-25 15:28:02,Fashion,4619.29
OD100370,2023-08-25 17:02:11,Fashion,2935.3
OD100856,2023-08-25 20:05:17,Fashion,1693.8
OD100878,2023-08-25 22:26:32,Fashion,812.4
OD101205,2023-08-26 05:48:00,Beauty,15028.41
OD100155,2023-08-26 13:16:45,Mobiles,2338.47
OD100095,2023-08-26 19:22:11,Home & Kitchen,1706.62
OD100276,2023-08-26 23:08:11,Mobiles,1916.74
OD101122,2023-08-27 01:31:37,Fashion,335.21
OD100438,2023-08-27 05:45:04,Fashion,4144.0
OD100561,2023-08-27 22:38:36,Mobiles,390.71
OD100323,2023-08-28 06:47:26,Home & Kitchen,4187.94
OD100084,2023-08-28 10:30:13,Electronics,5171.13
OD101370,2023-08-28 14:41:38,Mobiles,736.91
OD100737,2023-08-29 03:06:57,Fashion,1112.82
OD101165,2023-08-29 06:36:44,Home & Kitchen,2825.09
OD100944,2023-08-29 14:28:48,Electronics,1699.67
OD100881,2023-08-29 21:18:29,Mobiles,4505.71
OD100942,2023-08-29 21:56:32,Fashion,2333.78
OD100445,2023-08-29 23:03:12,Home & Kitchen,843.87
OD100069,2023-08-30 03:08:54,Mobiles,627.13
OD100596,2023-08-30 04:56:14,Fashion,2957.0
OD100436,2023-08-30 16:03:58,Mobiles,8211.73
OD100741,2023-08-30 21:24:39,Mobiles,473.72
OD100383,2023-08-30 22:01:55,Beauty,1077.55
OD100156,2023-08-31 03:07:03,Beauty,1365.51
OD101126,2023-08-31 05:11:32,Fashion,398.29
OD100555,2023-08-31 18:16:11,Fashion,830.72
OD101327,2023-08-31 18:53:27,Beauty,1017.1
OD100805,2023-09-01 04:00:22,Mobiles,6448.52
OD101139,2023-09-01 07:47:45,Mobiles,948.76
OD100774,2023-09-01 07:50:54,Mobiles,2653.07
OD100541,2023-09-01 08:52:09,Mobiles,3877.31
OD100761,2023-09-01 11:49:14,Home & Kitchen,495.48
OD101075,2023-09-01 12:58:30,Fashion,1067.47
OD100224,2023-09-01 14:28:06,Mobiles,659.93
OD100004,2023-09-02 00:03:08,Mobiles,2420.86
OD100389,2023-09-02 06:26:32,Electronics,631.02
OD101487,2023-09-02 06:30:35,Mobiles,4334.88
OD100324,2023-09-02 09:00:03,Beauty,5860.1
OD100496,2023-09-02 13:32:23,Electronics,1050.22
OD100382,2023-09-02 20:39:03,Fashion,2112.46
OD100604,2023-09-02 21:32:28,Mobiles,3925.25
OD100658,2023-09-02 22:32:32,Beauty,3264.29
OD100880,2023-09-03 04:50:40,Fashion,5635.13
OD100246,2023-09-03 08:54:56,Electronics,2676.23
OD101496,2023-09-03 09:22:03,Fashion,3655.81
OD100013,2023-09-03 22:41:27,Beauty,2069.21
OD101316,2023-09-03 23:49:52,Home & Kitchen,4294.41
OD100316,2023-09-04 08:04:35,Fashion,3675.39
OD100945,2023-09-04 09:35:48,Home & Kitchen,2245.25
OD100374,2023-09-04 10:38:24,Beauty,1555.86
OD100015,2023-09-04 12:54:45,Mobiles,1999.81
OD101419,2023-09-04 16:42:54,Home & Kitchen,1337.68
OD100206,2023-09-05 02:58:29,Electronics,8110.59
OD100971,2023-09-06 19:20:23,Fashion,2774.02
OD100037,2023-09-06 19:49:15,Fashion,602.97
OD100105,2023-09-07 10:29:59,Mobiles,1616.51
OD101035,2023-09-08 03:12:53,Electronics,764.47
OD100466,2023-09-08 05:30:27,Fashion,1783.04
OD100948,2023-09-08 17:20:27,Fashion,769.93
OD100366,2023-09-08 19:18:42,Electronics,3130.56
OD101041,2023-09-08 19:21:28,Beauty,2572.01
OD100994,2023-09-08 20:46:46,Electronics,5545.06
OD100896,2023-09-09 04:43:39,Mobiles,1288.07
OD100844,2023-09-09 08:16:59,Home & Kitchen,6637.39
OD100266,2023-09-09 14:00:33,Fashion,488.24
OD100390,2023-09-09 14:42:36,Mobiles,1633.56
OD101065,2023-09-09 18:17:22,Mobiles,3246.05
OD101270,2023-09-09 22:24:23,Mobiles,3049.63
OD100072,2023-09-10 00:38:31,Beauty,3564.69
OD100286,2023-09-10 10:00:11,Home & Kitchen,1790.64
OD100734,2023-09-10 18:56:34,Electronics,1653.65
OD100406,2023-09-10 21:16:04,Fashion,341.73
OD100386,2023-09-11 06:53:35,Beauty,1490.44
OD100919,2023-09-11 11:19:59,Mobiles,750.66
OD101123,2023-09-11 11:25:38,Electronics,3912.55
OD100564,2023-09-11 17:11:57,Mobiles,1128.88
OD100846,2023-09-11 17:53:22,Electronics,2231.27
OD100961,2023-09-12 05:18:16,Mobiles,1542.37
OD100203,2023-09-12 06:59:18,Mobiles,4692.67
OD101342,2023-09-12 10:20:13,Home & Kitchen,880.54
OD100902,2023-09-12 14:50:32,Fashion,1545.96
OD100679,2023-09-12 21:48:16,Home & Kitchen,4864.84
OD100337,2023-09-12 22:57:31,Electronics,3420.08
OD100108,2023-09-13 03:26:36,Home & Kitchen,2626.11
OD101433,2023-09-13 05:37:30,Electronics,706.69
OD101130,2023-09-13 06:52:44,Fashion,2748.5
OD101343,2023-09-13 08:22:54,Home & Kitchen,979.0
OD101047,2023-09-13 08:58:54,Beauty,1904.76
OD100186,2023-09-13 10:35:11,Mobiles,701.76
OD101128,2023-09-14 03:34:51,Mobiles,2714.84
OD100780,2023-09-14 11:25:03,Electronics,578.86
OD101008,2023-09-14 12:50:24,Home & Kitchen,1377.96
OD100673,2023-09-14 14:07:19,Electronics,1496.18
OD100169,2023-09-14 16:40:34,Electronics,1555.89
OD100086,2023-09-14 20:25:25,Mobiles,1708.62
OD100512,2023-09-15 17:46:46,Home & Kitchen,3466.56
OD100053,2023-09-15 20:02:16,Mobiles,2826.16
OD100283,2023-09-15 20:12:02,Home & Kitchen,626.89
OD101328,2023-09-15 20:16:01,Electronics,1062.76
OD100113,2023-09-16 00:53:45,Electronics,3213.08
OD100923,2023-09-16 04:09:59,Mobiles,2107.67
OD100085,2023-09-16 12:13:55,Mobiles,6510.32
OD100577,2023-09-16 20:29:50,Mobiles,4088.48
OD100279,2023-09-16 22:32:04,Fashion,9954.83
OD100102,2023-09-16 22:53:47,Mobiles,2831.71
OD101117,2023-09-17 01:43:30,Fashion,4127.16
OD101213,2023-09-17 11:38:00,Mobiles,1319.97
OD101341,2023-09-17 19:59:30,Mobiles,1160.38
OD101446,2023-09-18 01:14:52,Beauty,442.03
OD101010,2023-09-18 01:35:09,Mobiles,476.97
OD100233,2023-09-18 02:58:05,Mobiles,3122.87
OD100884,2023-09-18 04:42:33,Beauty,1152.37
OD100447,2023-09-18 06:24:16,Home & Kitchen,2733.89
OD101470,2023-09-18 13:26:49,Electronics,1721.21
OD100872,2023-09-18 16:03:24,Home & Kitchen,1616.69
OD100756,2023-09-19 02:19:41,Home & Kitchen,1146.3
OD101479,2023-09-19 19:31:49,Electronics,4599.66
OD100795,2023-09-19 21:41:00,Mobiles,1572.05
OD100538,2023-09-20 09:22:05,Electronics,6598.71
OD101472,2023-09-20 10:31:54,Fashion,608.9
OD101179,2023-09-20 15:23:24,Mobiles,8404.37
OD100539,2023-09-21 00:42:36,Mobiles,12796.39
OD101236,2023-09-21 01:53:29,Beauty,1188.49
OD100674,2023-09-21 03:12:11,Electronics,743.93
OD100775,2023-09-21 04:45:51,Electronics,1237.22
OD101278,2023-09-21 11:09:02,Home & Kitchen,1459.92
OD100120,2023-09-22 13:22:22,Beauty,398.44
OD100949,2023-09-23 02:05:35,Mobiles,2032.43
OD101168,2023-09-23 11:38:22,Electronics,3352.13
OD100174,2023-09-23 13:28:30,Beauty,8611.59
OD101045,2023-09-23 17:02:38,Fashion,2800.84
OD100995,2023-09-23 19:39:49,Fashion,1532.3
OD100769,2023-09-23 21:48:59,Electronics,337.07
OD100201,2023-09-24 03:03:40,Beauty,10173.23
OD100675,2023-09-24 07:39:29,Home & Kitchen,4155.85
OD100834,2023-09-24 10:41:25,Fashion,4627.79
OD100159,2023-09-24 11:04:11,Fashion,1766.66
OD100080,2023-09-24 12:24:35,Electronics,4188.57
OD100845,2023-09-25 05:29:02,Fashion,2494.37
OD100379,2023-09-25 09:03:03,Home & Kitchen,1445.32
OD100467,2023-09-25 18:13:18,Mobiles,659.47
OD100714,2023-09-25 22:56:57,Electronics,1146.9
OD100257,2023-09-26 08:52:03,Beauty,486.66
OD100000,2023-09-26 12:36:44,Electronics,392.53
OD100251,2023-09-26 22:01:50,Home & Kitchen,1605.85
OD101114,2023-09-26 23:49:44,Home & Kitchen,647.39
OD100598,2023-09-27 01:11:59,Home & Kitchen,5515.33
OD100766,2023-09-27 06:07:56,Mobiles,2742.08
OD101394,2023-09-27 12:33:26,Beauty,2158.71
OD100634,2023-09-27 14:52:59,Fashion,3003.49
OD100506,2023-09-27 17:20:34,Fashion,8354.68
OD100474,2023-09-27 22:32:31,Home & Kitchen,1101.94
OD100002,2023-09-27 23:57:30,Beauty,1333.48
OD100907,2023-09-27 23:58:06,Fashion,3123.8
OD101180,2023-09-28 02:03:57,Fashion,2218.33
OD100364,2023-09-28 02:50:16,Mobiles,5602.93
OD100055,2023-09-29 01:02:09,Mobiles,2669.57
OD100930,2023-09-29 05:07:19,Beauty,1392.44
OD100606,2023-09-29 07:45:04,Electronics,1646.06
OD100365,2023-09-29 09:31:14,Fashion,906.54
OD101303,2023-09-29 12:12:30,Beauty,679.62
OD100225,2023-09-29 17:33:15,Beauty,1188.53
OD100207,2023-09-29 19:23:07,Home & Kitchen,858.34
OD100115,2023-09-30 00:03:07,Electronics,1960.84
OD100412,2023-09-30 02:01:42,Beauty,1166.9
OD100798,2023-10-01 07:37:29,Electronics,3089.37
OD100475,2023-10-01 09:00:01,Home & Kitchen,4411.22
OD100227,2023-10-01 13:53:42,Beauty,4378.68
OD101427,2023-10-01 15:51:56,Mobiles,1464.06
OD100826,2023-10-02 02:04:12,Beauty,1834.57
OD100235,2023-10-02 03:22:27,Mobiles,1171.54
OD100400,2023-10-02 08:47:36,Beauty,1233.42
OD100130,2023-10-02 12:08:55,Fashion,8103.31
OD100933,2023-10-02 22:52:33,Fashion,2129.89
OD100456,2023-10-02 23:04:27,Mobiles,1357.53
OD100749,2023-10-03 02:01:58,Home & Kitchen,1672.61
OD100614,2023-10-03 06:34:30,Mobiles,302.69
OD100568,2023-10-03 10:10:47,Mobiles,2468.28
OD100616,2023-10-03 13:38:19,Mobiles,8815.44
OD101099,2023-10-03 22:23:46,Electronics,4662.37
OD100199,2023-10-03 22:46:02,Beauty,2451.61
OD100637,2023-10-03 23:42:17,Mobiles,3387.84
OD100270,2023-10-04 00:58:31,Mobiles,1123.75
OD100727,2023-10-04 14:45:29,Fashion,444.62
OD100989,2023-10-04 23:29:44,Electronics,1525.85
OD101486,2023-10-05 03:32:58,Mobiles,4678.68
OD100918,2023-10-05 06:06:01,Beauty,611.64
OD100011,2023-10-05 13:30:28,Fashion,601.14
OD101324,2023-10-05 15:26:35,Fashion,921.77
OD101340,2023-10-05 22:13:10,Electronics,401.21
OD101070,2023-10-06 06:36:16,Mobiles,1084.11
OD101488,2023-10-06 11:56:09,Mobiles,574.81
OD100350,2023-10-06 16:01:51,Electronics,2033.87
OD101190,2023-10-06 20:24:12,Fashion,432.47
OD100732,2023-10-06 23:27:30,Fashion,2800.1
OD100926,2023-10-07 05:49:45,Mobiles,347.29
OD101098,2023-10-07 15:44:10,Electronics,14203.19
OD100485,2023-10-07 23:30:39,Electronics,10232.75
OD100271,2023-10-08 05:08:32,Fashion,4366.51
OD100936,2023-10-08 14:31:04,Fashion,447.66
OD100138,2023-10-08 15:09:20,Mobiles,1532.62
OD100317,2023-10-08 16:25:31,Electronics,1249.48
OD101398,2023-10-08 20:56:56,Fashion,375.42
OD100817,2023-10-09 04:37:32,Fashion,854.58
OD100179,2023-10-09 15:49:34,Electronics,649.03
OD100487,2023-10-10 07:08:05,Fashion,5105.69
OD101274,2023-10-10 15:33:39,Fashion,2229.6
OD100318,2023-10-10 19:40:42,Electronics,567.66
OD100557,2023-10-11 11:54:44,Fashion,567.42
OD100461,2023-10-12 05:01:40,Mobiles,3374.12
OD100505,2023-10-12 06:15:53,Mobiles,7491.72
OD101066,2023-10-12 09:39:10,Fashion,1065.52
OD100109,2023-10-12 13:02:09,Home & Kitchen,1432.73
OD100431,2023-10-13 18:35:13,Beauty,1006.91
OD100782,2023-10-14 15:52:36,Fashion,7538.1
OD101097,2023-10-14 20:37:03,Electronics,6079.6
OD100500,2023-10-15 14:57:57,Mobiles,2733.42
OD100484,2023-10-16 00:10:25,Electronics,4938.14
OD100416,2023-10-16 17:55:44,Home & Kitchen,1461.0
OD101269,2023-10-17 02:53:23,Mobiles,2433.98
OD100048,2023-10-17 13:58:16,Fashion,3059.87
OD100549,2023-10-17 22:21:30,Fashion,4171.61
OD101222,2023-10-19 03:07:26,Electronics,890.82
OD100992,2023-10-19 06:37:08,Fashion,867.73
OD100625,2023-10-19 09:07:39,Mobiles,4541.66
OD100107,2023-10-19 12:57:51,Fashion,3125.19
OD100974,2023-10-19 14:12:16,Home & Kitchen,324.07
OD100905,2023-10-19 21:05:52,Fashion,837.75
OD100953,2023-10-20 16:30:26,Fashion,2199.91
OD101491,2023-10-20 17:28:29,Fashion,614.92
OD100460,2023-10-20 18:59:57,Fashion,5820.4
OD100981,2023-10-20 20:04:14,Mobiles,1313.77
OD101363,2023-10-20 20:34:07,Electronics,2081.63
OD101006,2023-10-21 03:51:37,Mobiles,1267.43
OD101073,2023-10-22 04:11:39,Home & Kitchen,916.04
OD100554,2023-10-22 04:21:15,Electronics,986.4
OD101310,2023-10-22 13:03:06,Beauty,1140.16
OD100623,2023-10-23 09:17:16,Fashion,1282.7
OD100502,2023-10-23 12:37:58,Electronics,826.13
OD100340,2023-10-23 14:35:29,Fashion,3877.62
OD100378,2023-10-23 15:38:24,Fashion,1146.12
OD101476,2023-10-23 18:22:53,Electronics,3600.27
OD100840,2023-10-23 20:06:04,Mobiles,3646.74
OD100776,2023-10-24 04:42:27,Home & Kitchen,1089.53
OD101027,2023-10-25 03:39:37,Electronics,4106.69
OD100824,2023-10-25 06:12:17,Mobiles,1010.08
OD100815,2023-10-25 08:34:14,Fashion,3428.87
OD101250,2023-10-25 08:35:17,Electronics,1955.73
OD100050,2023-10-25 09:13:22,Beauty,1422.23
OD101272,2023-10-25 12:41:41,Fashion,5253.93
OD100611,2023-10-25 12:51:16,Electronics,1205.73
OD101237,2023-10-25 21:35:59,Electronics,960.56
OD101094,2023-10-26 13:11:25,Fashion,6003.98
OD101087,2023-10-26 19:07:03,Mobiles,384.64
OD101331,2023-10-26 20:55:26,Home & Kitchen,4231.7
OD101100,2023-10-26 22:17:18,Mobiles,4957.75
OD101107,2023-10-26 23:47:01,Electronics,3746.64
OD100377,2023-10-27 00:07:38,Electronics,5822.08
OD101494,2023-10-27 00:48:32,Mobiles,473.0
OD100289,2023-10-27 03:51:33,Electronics,485.2
OD100730,2023-10-27 06:28:39,Fashion,2865.2
OD100820,2023-10-27 14:00:40,Electronics,333.6
OD101241,2023-10-29 06:05:46,Mobiles,3101.1
OD100175,2023-10-29 15:47:25,Electronics,6303.76
OD100372,2023-10-29 18:32:21,Mobiles,1247.13
OD101163,2023-10-29 20:24:16,Mobiles,1103.95
OD101221,2023-10-29 23:08:19,Mobiles,483.21
OD100560,2023-10-30 12:22:29,Fashion,398.27
OD100545,2023-10-31 03:25:39,Home & Kitchen,6564.62
OD101309,2023-10-31 10:18:37,Home & Kitchen,4666.6
OD100148,2023-10-31 18:15:35,Mobiles,1199.03
OD100452,2023-11-01 08:49:49,Electronics,2825.19
OD100575,2023-11-01 09:51:12,Home & Kitchen,5876.02
OD100009,2023-11-01 10:04:58,Beauty,526.8
OD100733,2023-11-01 17:32:32,Fashion,853.71
OD101277,2023-11-01 19:54:43,Home & Kitchen,5806.29
OD100429,2023-11-02 03:40:10,Fashion,468.88
OD101261,2023-11-02 05:48:38,Electronics,513.64
OD101443,2023-11-02 10:22:24,Home & Kitchen,6166.9
OD100758,2023-11-02 11:13:51,Mobiles,8946.38
OD101083,2023-11-02 21:54:24,Electronics,1447.54
OD100968,2023-11-03 00:35:56,Fashion,477.86
OD100520,2023-11-03 03:45:49,Electronics,329.44
OD101115,2023-11-03 09:13:38,Beauty,355.7
OD100103,2023-11-03 10:52:40,Mobiles,1340.08
OD101069,2023-11-04 01:25:57,Mobiles,1279.8
OD100985,2023-11-04 06:43:38,Fashion,5126.11
OD100912,2023-11-04 16:08:21,Electronics,2656.53
OD101366,2023-11-05 10:37:28,Home & Kitchen,387.84
OD100507,2023-11-05 13:10:09,Electronics,2141.54
OD100039,2023-11-05 15:26:06,Beauty,1822.1
OD100353,2023-11-05 20:29:47,Electronics,884.77
OD101416,2023-11-06 01:53:45,Beauty,2735.72
OD101081,2023-11-06 06:54:01,Mobiles,530.34
OD100928,2023-11-06 08:45:23,Mobiles,5836.71
OD101167,2023-11-06 09:54:22,Electronics,793.16
OD100007,2023-11-06 10:37:10,Fashion,7010.58
OD100492,2023-11-06 14:23:37,Mobiles,13456.03
OD100098,2023-11-06 14:37:02,Mobiles,1360.15
OD100762,2023-11-06 22:30:42,Beauty,7860.52
OD100652,2023-11-07 06:24:33,Electronics,7053.85
OD101037,2023-11-07 17:06:12,Home & Kitchen,5826.51
OD100003,2023-11-07 20:42:47,Electronics,4355.13
OD101218,2023-11-07 22:08:44,Fashion,7249.15
OD101462,2023-11-08 00:51:56,Fashion,4742.89
OD100297,2023-11-08 10:08:37,Mobiles,684.43
OD100131,2023-11-08 13:12:30,Electronics,1241.07
OD100079,2023-11-08 19:07:19,Electronics,1213.34
OD100147,2023-11-09 14:33:44,Mobiles,1750.52
OD100154,2023-11-09 22:00:54,Electronics,8783.37
OD101432,2023-11-10 06:08:36,Mobiles,2559.98
OD101490,2023-11-10 08:35:51,Fashion,1857.97
OD100459,2023-11-10 15:06:24,Mobiles,1886.14
OD101368,2023-11-10 21:52:13,Beauty,1740.43
OD101280,2023-11-11 00:40:21,Fashion,1979.39
OD100943,2023-11-11 11:13:12,Home & Kitchen,1642.67
OD100432,2023-11-11 14:05:08,Fashion,1953.49
OD100183,2023-11-11 14:42:20,Fashion,1105.61
OD100551,2023-11-12 02:24:36,Beauty,2374.71
OD100089,2023-11-12 12:35:29,Electronics,1458.75
OD101146,2023-11-12 19:31:37,Electronics,13882.12
OD100950,2023-11-13 12:03:40,Mobiles,1626.39
OD100735,2023-11-13 12:56:15,Electronics,3774.15
OD101282,2023-11-13 20:13:17,Home & Kitchen,1994.99
OD101262,2023-11-13 23:30:16,Fashion,1837.54
OD100916,2023-11-14 08:15:52,Fashion,3259.01
OD100763,2023-11-14 14:35:28,Fashion,1181.03
OD101157,2023-11-14 16:07:24,Beauty,7404.04
OD100547,2023-11-14 16:10:54,Electronics,2450.68
OD101153,2023-11-14 16:54:53,Mobiles,1815.34
OD100665,2023-11-14 17:28:47,Mobiles,1321.22
OD101162,2023-11-14 17:57:27,Home & Kitchen,2913.85
OD100495,2023-11-14 19:52:48,Electronics,2406.25
OD101302,2023-11-15 06:30:35,Fashion,3008.31
OD100184,2023-11-15 11:29:54,Home & Kitchen,5539.77
OD101325,2023-11-16 00:55:29,Beauty,914.41
OD100045,2023-11-16 05:40:06,Mobiles,507.94
OD100373,2023-11-17 00:53:11,Electronics,2886.92
OD100588,2023-11-17 02:35:42,Fashion,7365.43
OD100457,2023-11-17 07:28:23,Electronics,6535.96
OD101467,2023-11-17 13:17:38,Electronics,1996.22
OD101080,2023-11-17 13:20:03,Fashion,818.78
OD101417,2023-11-18 02:34:39,Electronics,11839.29
OD100052,2023-11-18 05:01:08,Electronics,324.46
OD100478,2023-11-18 11:45:34,Mobiles,1716.68
OD100842,2023-11-18 12:54:59,Beauty,476.29
OD101046,2023-11-18 18:55:18,Electronics,724.42
OD100648,2023-11-18 21:05:13,Mobiles,569.4
OD100704,2023-11-18 21:43:35,Fashion,4281.45
OD100663,2023-11-18 22:22:07,Fashion,842.03
OD100047,2023-11-18 23:26:55,Mobiles,7405.49
OD100369,2023-11-19 09:12:34,Home & Kitchen,666.2
OD101474,2023-11-19 10:29:39,Fashion,6116.53
OD100144,2023-11-19 19:42:32,Electronics,2249.6
OD100605,2023-11-19 22:30:12,Mobiles,299.03
OD100230,2023-11-20 11:26:56,Home & Kitchen,8191.57
OD100680,2023-11-20 22:42:04,Home & Kitchen,327.71
OD100194,2023-11-21 01:24:52,Electronics,866.95
OD101060,2023-11-21 09:02:41,Fashion,1505.4
OD100852,2023-11-21 22:31:37,Electronics,1813.42
OD101195,2023-11-22 01:08:02,Electronics,5620.01
OD101291,2023-11-22 04:25:22,Home & Kitchen,635.69
OD101050,2023-11-22 13:05:17,Mobiles,863.91
OD100681,2023-11-22 19:34:10,Home & Kitchen,3339.96
OD101352,2023-11-22 19:47:22,Home & Kitchen,19607.82
OD100163,2023-11-22 21:31:14,Mobiles,13026.6
OD101026,2023-11-23 02:04:22,Home & Kitchen,2489.95
OD100211,2023-11-23 15:43:57,Mobiles,4991.78
OD100622,2023-11-24 03:25:44,Beauty,1201.18
OD100986,2023-11-24 03:59:44,Electronics,5653.57
OD101248,2023-11-24 05:35:16,Electronics,719.83
OD101478,2023-11-24 10:18:15,Electronics,7003.31
OD100172,2023-11-24 13:49:13,Fashion,2256.81
OD100358,2023-11-24 15:04:43,Home & Kitchen,1645.8
OD100435,2023-11-24 15:49:47,Mobiles,447.96
OD100863,2023-11-25 00:45:07,Electronics,1766.11
OD101023,2023-11-25 02:22:19,Mobiles,2286.5
OD100536,2023-11-25 07:01:13,Beauty,1151.3
OD100723,2023-11-25 09:10:44,Mobiles,1140.33
OD100764,2023-11-25 14:23:31,Mobiles,540.46
OD100552,2023-11-25 23:53:04,Mobiles,1409.17
OD100126,2023-11-26 01:41:43,Home & Kitchen,1832.64
OD100188,2023-11-26 02:14:08,Fashion,10205.63
OD101385,2023-11-26 21:10:31,Mobiles,4003.5
OD101104,2023-11-27 03:09:03,Mobiles,548.32
OD100724,2023-11-27 05:28:28,Beauty,1716.46
OD100882,2023-11-27 11:45:56,Electronics,3188.02
OD100066,2023-11-27 14:19:07,Fashion,1962.83
OD101211,2023-11-27 18:25:28,Mobiles,4998.64
OD100519,2023-11-27 18:59:11,Fashion,2026.35
OD101453,2023-11-28 04:25:27,Mobiles,5946.92
OD100828,2023-11-28 08:19:49,Electronics,2632.16
OD100202,2023-11-28 10:31:59,Fashion,1607.87
OD100046,2023-11-28 11:41:39,Beauty,1394.38
OD101484,2023-11-29 01:05:29,Fashion,1288.26
OD100035,2023-11-29 03:10:33,Mobiles,2613.56
OD100662,2023-11-29 06:49:39,Electronics,4412.58
OD100966,2023-11-29 12:09:21,Fashion,344.73
OD101029,2023-11-29 17:31:33,Mobiles,4360.41
OD100624,2023-11-29 22:35:57,Fashion,3416.39
OD101009,2023-11-30 13:08:36,Electronics,1464.16
OD100827,2023-11-30 16:34:44,Mobiles,3597.77
OD101372,2023-11-30 22:16:04,Fashion,1789.23
OD100629,2023-12-01 08:12:13,Mobiles,4407.7
OD100521,2023-12-01 13:24:31,Mobiles,321.7
OD101057,2023-12-01 15:47:07,Beauty,819.39
OD101359,2023-12-02 07:52:07,Mobiles,1339.35
OD100667,2023-12-02 14:58:09,Beauty,5153.2
OD100290,2023-12-03 00:04:06,Mobiles,3168.12
OD100860,2023-12-03 06:28:01,Fashion,464.37
OD100516,2023-12-03 17:38:27,Home & Kitchen,742.93
OD101415,2023-12-04 01:35:03,Mobiles,3361.53
OD100315,2023-12-04 20:18:10,Mobiles,1007.64
OD100216,2023-12-04 21:14:03,Mobiles,2084.58
OD101088,2023-12-04 23:14:12,Fashion,5582.75
OD100010,2023-12-05 02:05:11,Beauty,2698.73
OD100759,2023-12-05 07:23:04,Electronics,2612.56
OD101155,2023-12-05 12:31:58,Electronics,3128.38
OD100771,2023-12-05 16:58:46,Electronics,1021.18
OD101283,2023-12-06 06:38:47,Mobiles,1949.16
OD100786,2023-12-06 10:10:59,Fashion,2513.32
OD100312,2023-12-06 13:42:29,Mobiles,460.85
OD100779,2023-12-06 21:06:54,Mobiles,7630.13
OD101059,2023-12-06 21:31:17,Home & Kitchen,3277.1
OD100744,2023-12-07 12:40:04,Mobiles,9122.42
OD100806,2023-12-07 16:16:28,Fashion,1722.0
OD100301,2023-12-08 01:03:29,Home & Kitchen,1135.14
OD100693,2023-12-08 01:51:08,Mobiles,792.86
OD101255,2023-12-08 23:35:38,Mobiles,2471.92
OD100562,2023-12-09 00:12:15,Electronics,780.6
OD100217,2023-12-09 03:12:43,Electronics,2761.71
OD100142,2023-12-10 03:52:06,Electronics,717.52
OD100689,2023-12-10 15:42:01,Fashion,431.63
OD101391,2023-12-10 16:46:52,Home & Kitchen,470.14
OD101000,2023-12-10 18:48:34,Mobiles,491.49
OD100626,2023-12-11 23:54:44,Mobiles,800.05
OD100767,2023-12-12 05:04:40,Home & Kitchen,2912.9
OD100330,2023-12-12 08:07:03,Fashion,3203.03
OD100407,2023-12-12 08:56:15,Fashion,3974.91
OD100239,2023-12-12 14:12:54,Fashion,3671.27
OD101365,2023-12-12 23:27:03,Fashion,427.87
OD100718,2023-12-13 00:22:34,Mobiles,1315.35
OD100958,2023-12-13 10:57:03,Home & Kitchen,684.33
OD101344,2023-12-13 20:25:40,Fashion,6275.75
OD100899,2023-12-13 22:36:18,Mobiles,7379.67
OD100038,2023-12-14 07:37:51,Fashion,1509.62
OD101212,2023-12-14 10:38:04,Fashion,460.06
OD100509,2023-12-14 12:03:24,Electronics,3838.93
OD101102,2023-12-14 16:21:42,Home & Kitchen,2448.2
OD101020,2023-12-14 22:17:11,Home & Kitchen,312.32
OD100441,2023-12-15 06:20:31,Beauty,8525.49
OD100081,2023-12-16 03:26:57,Mobiles,1777.37
OD101002,2023-12-16 04:35:34,Mobiles,4370.74
OD101497,2023-12-16 05:37:46,Mobiles,381.45
OD100695,2023-12-16 08:44:14,Mobiles,2310.35
OD101430,2023-12-16 16:33:36,Electronics,541.27
OD101189,2023-12-16 16:40:27,Electronics,1394.97
OD101036,2023-12-16 18:35:23,Electronics,841.21
OD100333,2023-12-17 02:00:49,Electronics,2803.02
OD101492,2023-12-17 04:32:17,Mobiles,10151.11
OD101408,2023-12-17 11:34:10,Beauty,5702.91
OD101295,2023-12-17 18:48:57,Mobiles,2395.75
OD100543,2023-12-18 02:11:33,Mobiles,1544.84
OD100232,2023-12-18 05:01:14,Home & Kitchen,15621.06
OD100029,2023-12-18 06:26:04,Fashion,4602.69
OD101254,2023-12-18 07:53:01,Fashion,667.78
OD100486,2023-12-18 23:58:38,Mobiles,4238.32
OD101005,2023-12-19 00:11:53,Fashion,2346.11
OD100831,2023-12-19 02:41:51,Mobiles,7864.0
OD100488,2023-12-19 03:52:54,Fashion,991.6
OD101424,2023-12-19 05:49:17,Fashion,4797.04
OD100409,2023-12-19 15:12:55,Electronics,619.17
OD100569,2023-12-20 01:06:20,Electronics,2116.79
OD100195,2023-12-20 04:16:22,Mobiles,3885.59
OD100178,2023-12-20 07:58:00,Mobiles,5398.96
OD101349,2023-12-20 10:13:33,Fashion,1968.99
OD101181,2023-12-20 15:26:50,Home & Kitchen,1975.0
OD100746,2023-12-20 21:19:44,Mobiles,1591.11
OD101116,2023-12-21 10:33:03,Fashion,1416.39
OD100807,2023-12-23 04:11:22,Mobiles,1047.41
OD100356,2023-12-23 04:29:35,Electronics,433.44
OD100209,2023-12-23 06:01:13,Electronics,5108.72
OD100499,2023-12-23 12:01:46,Mobiles,488.72
OD101397,2023-12-23 14:38:24,Mobiles,1357.12
OD100308,2023-12-23 19:05:04,Mobiles,2088.14
OD100376,2023-12-23 20:13:39,Mobiles,854.41
OD100743,2023-12-23 21:06:39,Electronics,793.19
OD101208,2023-12-24 03:51:53,Home & Kitchen,2735.33
OD100523,2023-12-24 13:23:23,Mobiles,6814.79
OD100367,2023-12-25 04:42:23,Mobiles,2638.65
OD100119,2023-12-25 11:03:56,Mobiles,1511.11
OD100559,2023-12-26 00:43:47,Beauty,922.89
OD101214,2023-12-26 06:31:31,Mobiles,472.42
OD101273,2023-12-26 10:26:09,Home & Kitchen,1240.74
OD100638,2023-12-26 22:41:51,Mobiles,756.77
OD100388,2023-12-27 11:41:22,Beauty,347.79
OD101004,2023-12-28 04:20:52,Electronics,14978.63
OD101378,2023-12-28 07:02:27,Home & Kitchen,1123.91
OD100489,2023-12-28 11:15:13,Mobiles,8385.69
OD100205,2023-12-29 03:16:02,Home & Kitchen,2429.53
OD100703,2023-12-29 03:30:33,Fashion,3091.22
OD100300,2023-12-30 04:11:31,Mobiles,2015.4
OD101335,2023-12-30 22:22:00,Electronics,1831.72
